,importance,feature
0,14.077053122364454,v50
470,7.076235404740569,v22_v113_v91_v52
184,2.6095841275180973,v56v66
195,2.3547870851683106,v56v79
58,1.7576851475111168,v66v110
77,1.667802997065721,v66v47
95,1.289964286657169,v66v31
1579,1.2733898763698752,v21v50
79,1.2283262669227317,v56v47
1327,1.2187344044008162,v22_v62_v30_v24
183,1.1185055886563637,v79v66
170,1.1163699417552737,v66v38
498,0.9955280702746654,v22_v113_v72_v56
1,0.959865865060108,v10
1584,0.9534405310834769,v12v50
1575,0.8285425925833221,v10v50
112,0.8157559171859375,v66v129
143,0.8132817185653736,v66v62
133,0.7851823841309472,v24v113
187,0.7304723619682275,v24v66
36,0.6470294256938262,v72
1326,0.6374266487845753,v22_v56_v30_v75
114,0.6271648373495416,v56v129
1665,0.6245279701505041,v12v34
3,0.5636656759665926,v34
1576,0.5220331814393034,v14v50
208,0.47714147139594926,v24v56
929,0.47199559885075615,v22_v66_v30_v75
54,0.4582708040712323,v113v110
165,0.44839474781301636,v75v72
38,0.44702501127928845,v66
191,0.4410007188835313,v71v66
63,0.418501632640145,v24v110
128,0.418003974066514,v66v113
56,0.414937894129458,v72v110
157,0.4032716502805691,v66v72
82,0.39820654230680574,v24v47
193,0.3912515060074442,v52v66
1167,0.37696614351755253,v22_v62_v66_v56
1578,0.3711519945384832,v114v50
10,0.36768313510612677,v12
164,0.3651576824411161,v91v72
4,0.3615860418945114,v114
156,0.3570604045481307,v38v72
186,0.3379483875292684,v107v66
1357,0.32529674829217664,v22_v62_v30_v75
185,0.32527138220002894,v30v66
115,0.3247450142342024,v30v129
100,0.3155755150769747,v24v31
701,0.3127248358255314,v22_v66_v71_v52
1690,0.2982314503625198,v12v114
1612,0.2966803805457258,v12v10
807,0.27807365420296726,v22_v30_v24_v91
5,0.27124256938844676,v21
189,0.2709125599515635,v91v66
658,0.2650556468139676,v22_v129_v79_v30
949,0.2543618607895569,v22_v129_v38_v107
190,0.2539946318811985,v75v66
201,0.24544214429764738,v75v79
1685,0.2445784645901319,v21v114
188,0.23894400560686768,v112v66
171,0.2381563110649178,v79v38
1605,0.23754764450100102,v34v10
67,0.2366312207736607,v71v110
252,0.22539809184607373,v125v75
172,0.22490985194661603,v56v38
686,0.2153398189050665,v22_v31_v72_v91
1251,0.20941738241620372,v22_v62_v72_v52
1272,0.20540739304159722,v22_v62_v107_v52
142,0.20535163604241535,v38v62
168,0.2025072655304169,v52v72
97,0.20009913803306792,v56v31
61,0.19982309996047148,v30v110
213,0.19872244236355865,v125v56
166,0.19790458423580382,v71v72
40,0.19783251448797873,v56
93,0.1946372939453211,v72v31
130,0.19405454422911197,v56v113
1941,0.18720103905562197,v36v61
202,0.1864376949120475,v71v79
198,0.18544137765784827,v24v79
1659,0.18469924857642026,v114v34
154,0.18415153185839772,v52v62
1633,0.1791870427766789,v114v14
2402,0.17868227795382943,v50_v10_v21
1451,0.17819624069529125,v22_v62_v24_v112
162,0.17731510441713424,v24v72
96,0.1761290571352116,v79v31
161,0.17538711832425405,v107v72
127,0.1699073126853335,v38v113
148,0.16861561316009294,v24v62
1807,0.16859153926122492,v61v48
1549,0.16529220020963983,v22_v56_v71_v52
1606,0.1649987634865973,v114v10
2401,0.1625039049514081,v50_v21_v12
98,0.16088237037840042,v30v31
145,0.15986406305658124,v56v62
1256,0.15983317857102763,v22_v62_v24_v91
1339,0.15930620205391272,v22_v62_v71_v52
236,0.15859969140624094,v71v24
52,0.15796067054806756,v31v110
60,0.1564183967900621,v56v110
129,0.15195700764982634,v79v113
1277,0.15135738660621073,v22_v62_v66_v71
159,0.15128756638141933,v56v72
34,0.15025316104171213,v113
134,0.14984571055164855,v112v113
260,0.14211542870187863,v22v52
109,0.14155087923194762,v62v129
204,0.1413094874741903,v52v79
223,0.137861455564199,v52v30
200,0.136604215725708,v91v79
125,0.13645570675271584,v62v113
1577,0.1341445557574802,v34v50
196,0.1323604391522752,v30v79
139,0.13204371998124745,v52v113
258,0.13019550893820026,v52v125
73,0.13013674682041224,v113v47
244,0.1295150756151866,v52v112
141,0.12918694349052948,v72v62
1819,0.12864786807331458,v65v48
75,0.1284304493663698,v72v47
238,0.12813862464876022,v52v24
111,0.12736337775961692,v38v129
242,0.12572502962653895,v71v112
901,0.12533856973761684,v22_v129_v24_v71
782,0.12365487196586936,v22_v72_v66_v30
207,0.12301108885061977,v107v56
811,0.12176871486171698,v22_v110_v66_v71
137,0.12155042521253319,v71v113
222,0.12140957126491782,v125v30
212,0.12046923629997705,v71v56
955,0.11968730872787936,v22_v129_v72_v66
428,0.11935148729857746,v22_v107_v125
33,0.11869923474009779,v129
1632,0.11750794513072949,v34v14
83,0.1168530950477784,v112v47
255,0.11528192410324753,v125v71
306,0.1150576517610773,v22_v31_v30
2037,0.11480237930108333,v50_v114_v36
646,0.11299258671547169,v22_v110_v129_v113
2403,0.1127954042227594,v50_v34_v21
192,0.11130373729713017,v125v66
233,0.11111244648472479,v112v24
55,0.10877183427118675,v62v110
176,0.10809090948164092,v112v38
85,0.1078388904887358,v75v47
104,0.10649638084352663,v71v31
138,0.1063283209466599,v125v113
197,0.105818905526703,v107v79
153,0.1050894125460233,v125v62
2125,0.1048923695646953,v50_v119_v101
1607,0.10471185168526423,v21v10
181,0.10385149379391599,v52v38
59,0.10175184994267031,v79v110
113,0.10059327041694557,v79v129
136,0.09963149831281805,v75v113
662,0.09898498873211642,v22_v31_v30_v107
1801,0.09832554663153972,v106v48
1095,0.09830305451027195,v22_v38_v75_v52
987,0.09819374504303474,v22_v72_v24_v71
253,0.0979045034671796,v52v75
76,0.09661779625925311,v38v47
1281,0.09660397327179758,v22_v62_v66_v75
151,0.09569657833527394,v75v62
637,0.09569403616972876,v22_v129_v72_v52
1460,0.09538878676279601,v22_v47_v31_v71
117,0.09501875509000159,v24v129
103,0.09496708471270879,v75v31
110,0.09488790143369022,v72v129
2258,0.09463207579764038,v50_v4_v33
951,0.0944353508139614,v22_v38_v79_v52
2280,0.09394403552375034,v50_v83_v88
30,0.09366969876699449,v110
43,0.09356891623296412,v24
1714,0.0922482802217123,v12v21
69,0.09213260209529439,v52v110
1261,0.09139768977407074,v22_v91_v75_v125
235,0.09135098406057225,v75v24
1634,0.09088150010731526,v21v14
226,0.09078820683800795,v112v107
1755,0.09055823949973406,v111v4
160,0.08959262979002379,v30v72
152,0.08892737661448774,v71v62
678,0.088695388775485,v22_v113_v62_v24
86,0.08843140239705374,v71v47
80,0.08812054082830001,v30v47
1787,0.08742747454790466,v61v123
206,0.0871448110444465,v30v56
106,0.0862420248167895,v52v31
1684,0.08519913991212401,v65v34
1708,0.08474148918773666,v111v114
218,0.0844357164848809,v112v30
1639,0.0837100029133749,v12v14
1903,0.08321496311419328,v111v101
241,0.0831736821116766,v75v112
214,0.08264246038603812,v52v56
1760,0.08230381882813746,v106v119
1981,0.08225697608216108,v65v33
217,0.08167625299586442,v24v30
1660,0.08125072740362324,v21v34
2233,0.08114211016108903,v50_v48_v101
1312,0.08105283411061064,v22_v38_v112_v91
211,0.08071261358506354,v75v56
1670,0.08059991988222723,v85v34
2250,0.08043649841343968,v50_v61_v121
175,0.08042132252290875,v24v38
779,0.08030034737963689,v22_v38_v66_v56
1370,0.07828255891422238,v22_v129_v38_v112
209,0.0781626840074718,v112v56
132,0.07814432369925431,v107v113
120,0.07803039075010768,v75v129
163,0.07739451164545097,v112v72
1931,0.0773936611767511,v65v51
2244,0.07699669495615122,v50_v4_v121
734,0.07598330779064923,v22_v110_v129_v91
347,0.0758700359351362,v22_v62_v38
225,0.07585476489954272,v24v107
131,0.07567161710255402,v30v113
78,0.07522577830980992,v79v47
2036,0.0751325533200914,v50_v21_v106
65,0.0748958344394237,v91v110
199,0.07479392377696048,v112v79
1843,0.07434654256727762,v51v106
1706,0.07403850809857304,v88v114
774,0.07302199406069844,v22_v110_v24_v71
1021,0.07242906787323364,v22_v72_v79_v75
1470,0.07238583881378353,v22_v47_v30_v52
256,0.0720665244894858,v52v71
373,0.07111541921494205,v22_v38_v66
49,0.06983402988288516,v52
81,0.06949333284897515,v107v47
1985,0.06929574576305089,v88v55
91,0.06926279216325008,v113v31
1915,0.06906609914842256,v88v85
1604,0.06901974623824106,v14v10
1420,0.0689306137057808,v22_v47_v24_v75
122,0.068825015023007,v125v129
237,0.06835936156466937,v125v24
149,0.06816379329703465,v112v62
144,0.06789306670254325,v79v62
1026,0.06781275155483148,v22_v72_v38_v30
1776,0.06780431493647962,v36v119
74,0.06752938020203769,v62v47
913,0.06728701204782665,v22_v72_v79_v24
2186,0.06714976591986169,v50_v106_v51
2004,0.06659354633434221,v36v88
53,0.06632815011771243,v129v110
119,0.0662956556693792,v91v129
656,0.06609216051882305,v22_v113_v72_v79
1720,0.06589446219953563,v51v21
230,0.06525593863902375,v125v107
1916,0.06488155306153334,v36v85
520,0.06413346246700577,v22_v113_v38_v56
51,0.06406551846072454,v47v110
105,0.06404708722238771,v125v31
66,0.06397836952240206,v75v110
92,0.06358159277453167,v62v31
990,0.06333554485658682,v22_v38_v66_v24
240,0.0632557443527054,v91v112
939,0.06256548490275642,v22_v31_v30_v75
845,0.062080714587676195,v22_v113_v62_v38
2257,0.06167107100114711,v50_v4_v130
1358,0.061565274556614355,v22_v110_v38_v125
1921,0.06146167055559334,v44v51
894,0.06121381777760056,v22_v129_v30_v71
87,0.06071306023531506,v125v47
158,0.06052428042018644,v79v72
62,0.06045557164854285,v107v110
2228,0.06006929026962103,v50_v48_v44
694,0.05969813474426545,v22_v72_v30_v52
126,0.05940352976943683,v72v113
1628,0.0593092806826333,v88v10
1747,0.05901502837662034,v130v4
1809,0.058882732601482725,v44v48
2117,0.058809818797719376,v50_v119_v44
1871,0.05808432626388589,v36v93
1702,0.0580834911979441,v55v114
39,0.05745863588362255,v79
1707,0.05698421569974516,v36v114
968,0.056845574958574584,v22_v31_v38_v79
383,0.0567903437557458,v22_v38_v125
46,0.05654266126297902,v75
88,0.05652633265234749,v52v47
167,0.05638502828618775,v125v72
659,0.05632891869851163,v22_v110_v113_v112
1554,0.05629197474049502,v22_v47_v113_v107
2289,0.05621095718754663,v50_v55_v88
545,0.05613456247606191,v22_v113_v72_v91
439,0.05557115495377884,v22_v112_v125
146,0.05549324664283733,v30v62
1761,0.0554331150260426,v93v119
950,0.05512432218288058,v22_v110_v38_v30
2104,0.055046993054279715,v50_v119_v130
2008,0.055035690052287096,v65v36
48,0.054893036255696845,v125
1679,0.05420244267212543,v76v34
1072,0.054143637367365806,v22_v110_v47_v75
1175,0.05409558717801476,v22_v112_v91_v71
68,0.053977026542862586,v125v110
2279,0.05393025264341769,v50_v130_v65
35,0.053867759688506545,v62
1799,0.05347130366333555,v65v123
247,0.05315026073864747,v71v91
1591,0.05281535451086265,v61v50
1703,0.052212574626521846,v83v114
1978,0.051805690851847636,v88v33
1683,0.051716115082805623,v111v34
1742,0.05169681135980881,v85v4
44,0.0514636145046975,v112
1097,0.05138973929172803,v22_v129_v38_v66
2081,0.051320722484743495,v50_v119_v85
997,0.05102397156798707,v22_v110_v38_v66
121,0.05095175484696857,v71v129
1854,0.05089073491258362,v36v106
1754,0.05088554332991869,v36v4
1450,0.05080442547929388,v22_v47_v113_v75
1752,0.05072587306224118,v121v4
178,0.04982591934448196,v75v38
2256,0.049782036387034566,v50_v4_v83
1891,0.04929079126610534,v51v101
72,0.0487072419590706,v129v47
308,0.0481160482253439,v22_v31_v24
254,0.04792761991597589,v22v75
20,0.047486974535914876,v130
2023,0.04724582285167536,v50_v21_v130
2026,0.04680258905691498,v50_v21_v4
2296,0.04633954030082694,v50_v93_v111
41,0.04621713452710016,v30
836,0.04601728152246359,v22_v30_v107_v71
2245,0.04593006376167332,v50_v48_v106
1768,0.045793784042209774,v44v119
1872,0.04517884318280592,v111v93
1936,0.04477035854333936,v55v61
2181,0.04456350012518203,v50_v101_v85
2071,0.04426261147446116,v50_v34_v85
2249,0.04420890045501402,v50_v121_v65
216,0.044113456374254276,v107v30
2192,0.044083166444362845,v50_v10_v88
1733,0.04392502698036932,v65v21
1808,0.04389906303504886,v17v48
84,0.04387116587802385,v91v47
1687,0.04381677770341907,v119v114
1836,0.0437017780236623,v36v12
2014,0.04368716785976993,v50_v21_v51
1906,0.04355625861381219,v61v85
1890,0.043342973332213944,v85v101
2085,0.04317823890068448,v50_v123_v85
1835,0.043111621856773134,v88v12
1630,0.04308963548933388,v111v10
2175,0.04302743134558692,v50_v101_v51
548,0.042795630894950754,v22_v113_v30_v71
1677,0.042735978809381014,v55v34
1943,0.04268167803629872,v65v61
123,0.04258366739350421,v52v129
1939,0.04223347014298978,v121v61
1656,0.04210176251791805,v36v14
506,0.04208609903927336,v22_v110_v72_v56
1973,0.04202812935069854,v65v130
1735,0.04201763936168693,v123v4
1663,0.04196975296361205,v123v34
1697,0.04194204769161477,v61v114
2286,0.041795061575912944,v50_v44_v55
495,0.04136990174234034,v22_v113_v56_v75
1902,0.041358783896655336,v36v101
2316,0.04116884013769699,v50_v4_v88
173,0.0410050232168545,v30v38
1730,0.04096397211352856,v88v21
234,0.04046319105125747,v91v24
2000,0.04039556213066814,v88v121
2041,0.0403008104539895,v50_v85_v36
177,0.0402243042366,v91v38
905,0.040046742914076,v22_v129_v125_v52
1067,0.03993049901653151,v22_v129_v79_v112
221,0.03991370762859857,v71v30
32,0.039786832915619026,v31
1971,0.03976691400583007,v36v130
249,0.039671145684484606,v52v91
2017,0.03964238165755884,v50_v34_v36
387,0.03958990598729313,v22_v66_v30
1802,0.039508682439967704,v93v48
1699,0.03950116599053773,v44v114
210,0.03945777565437205,v91v56
2371,0.03936518590268872,v50_v14_v130
2035,0.03933110143472232,v50_v14_v36
1709,0.03925793767453159,v65v114
2273,0.03912933362471554,v50_v83_v65
2034,0.039104265890459435,v50_v21_v93
1736,0.03909765242484234,v48v4
1860,0.03905739967670035,v51v93
1970,0.039009426805167564,v88v130
899,0.038972957548476156,v22_v72_v56_v71
257,0.03879442305220619,v22v71
64,0.038756374234304655,v112v110
2331,0.03875511078812185,v50_v61_v17
1764,0.03868647735889618,v85v119
2051,0.038661534848323055,v50_v88_v36
2147,0.038628629186881605,v50_v4_v123
1780,0.038609726918920464,v12v123
2396,0.038581791574226476,v50_v114_v88
2265,0.03837613259787456,v50_v111_v65
416,0.03817447807576063,v22_v30_v24
108,0.03804343467964456,v113v129
604,0.03747092656123219,v22_v113_v66_v79
203,0.037416160249527444,v125v79
1937,0.0368925022431734,v83v61
102,0.036685207753142206,v91v31
1567,0.03637378611795655,v22_v38_v112_v125
2238,0.036371828413703906,v50_v48_v93
2169,0.03633971781352937,v50_v85_v88
1651,0.03623973126140286,v55v14
71,0.03623678191317884,v31v47
2251,0.036196402517776706,v50_v4_v111
135,0.03602964315454872,v91v113
1120,0.03601780818727979,v22_v110_v47_v38
1919,0.035582199082894346,v61v51
2336,0.035548903641226724,v50_v4_v93
2237,0.03546639389032594,v50_v33_v83
1989,0.035455345706372515,v76v83
2282,0.03544570465907124,v50_v61_v33
2139,0.03533921176630156,v50_v119_v106
2,0.03530232474267098,v14
1942,0.03523298282677673,v111v61
94,0.035200231291108615,v38v31
2395,0.035188841929044284,v50_v114_v61
2003,0.035154203164165475,v65v121
47,0.035142772892644995,v71
2239,0.03502991369902862,v50_v130_v33
2333,0.03502387934247562,v50_v61_v88
118,0.034964459009444,v112v129
2337,0.034942984068274126,v50_v101_v65
2087,0.03487726376187213,v50_v85_v51
1671,0.03471090811731265,v51v34
2166,0.03455949543152331,v50_v14_v85
1719,0.03425801545632818,v85v21
22,0.03423241392363701,v55
1782,0.034045979394588095,v93v123
1744,0.033967679503699943,v61v4
1686,0.033942733734606684,v4v114
2329,0.03376250460350538,v50_v44_v88
2263,0.033747230207787866,v50_v64_v121
781,0.03373319742720319,v22_v30_v71_v52
116,0.033689324917862806,v107v129
1804,0.03367856614307497,v101v48
1672,0.033350082122032915,v61v34
1602,0.03327321367126067,v111v50
1814,0.03325923194438539,v76v48
2271,0.03323781546025256,v50_v93_v121
27,0.03322564150193242,v36
220,0.03318062768361673,v75v30
2375,0.03314035873186884,v50_v14_v4
1912,0.03314011649165257,v83v85
2218,0.033139334435738056,v50_v48_v76
2203,0.033057739112789,v50_v34_v65
2121,0.03284025659338468,v50_v85_v121
1913,0.032782315742051704,v76v85
2116,0.03278112832490112,v50_v119_v65
1581,0.032687976219999006,v119v50
2163,0.032680684098404245,v50_v123_v101
1205,0.03260044218380103,v22_v62_v66_v107
2157,0.0324516638914283,v50_v123_v61
1695,0.032433056898537385,v85v114
1796,0.03237078477949874,v88v123
1696,0.03231256037316631,v51v114
1918,0.03230250122620857,v65v85
1869,0.032163536513748626,v121v93
2306,0.03166433675137545,v50_v93_v55
1784,0.031554530758946715,v101v123
2260,0.0312964406644155,v50_v101_v121
1238,0.03128098116170344,v22_v56_v24_v125
1682,0.03125409049183458,v36v34
1638,0.031199000544468385,v48v14
1692,0.030984517494710588,v93v114
2165,0.030844708761969184,v50_v51_v61
2009,0.030752225122557823,v65v111
2018,0.0307129429730322,v50_v21_v48
1739,0.030549977093320253,v93v4
2325,0.030499946824191423,v50_v4_v101
1934,0.030369659976599538,v130v61
2199,0.03033248677798413,v50_v114_v85
1997,0.030262181528197898,v36v76
1252,0.030137721351834356,v22_v66_v112_v75
1867,0.029962252187273483,v83v93
2340,0.029937274693808514,v50_v101_v88
1023,0.02991728108638999,v22_v30_v91_v125
2220,0.029733689795203695,v50_v121_v111
1689,0.02958429432721192,v48v114
324,0.02951318918088556,v22_v129_v24
2354,0.02949157394943712,v50_v93_v88
1609,0.02931055601910748,v119v10
2055,0.029304605643725584,v50_v61_v36
1774,0.02928701120032459,v121v119
2204,0.029184069404855604,v50_v34_v88
1786,0.02913825974120368,v51v123
2114,0.029100445845467855,v50_v119_v88
1716,0.028968521531751442,v93v21
2219,0.028887439905165516,v50_v4_v48
1673,0.02887078536552846,v17v34
2194,0.02886787889690144,v50_v34_v76
1853,0.028567272360580556,v88v106
2080,0.028422812998339642,v50_v119_v51
2005,0.02814634546345728,v111v88
421,0.028104324850020925,v22_v30_v125
1803,0.02794649406722638,v64v48
2285,0.027877941229775004,v50_v101_v111
1770,0.027768039019423377,v33v119
1734,0.027704366509960197,v119v4
2010,0.02752001836023314,v50_v21_v36
2103,0.027424474228104078,v50_v123_v48
2303,0.027288780552332963,v50_v93_v130
2198,0.027180298322568717,v50_v10_v101
1960,0.027083282337303463,v121v44
2225,0.0270098967932516,v50_v48_v17
2283,0.026725677892264727,v50_v130_v88
2144,0.026607505374055308,v50_v123_v76
1007,0.02652375994992708,v22_v129_v72_v75
1762,0.026459340982750785,v64v119
1974,0.026287747532161225,v55v33
2173,0.026276945650403317,v50_v85_v44
2046,0.026074132761240855,v50_v130_v36
2223,0.025980893589947138,v50_v130_v121
1700,0.025978269372965435,v130v114
1917,0.02595208631626599,v111v85
2215,0.02574053586804106,v50_v48_v130
2308,0.025621988900161236,v50_v17_v76
1940,0.025588119782510695,v88v61
2142,0.025526649820865385,v50_v14_v123
246,0.025431181978392194,v75v91
1589,0.025248068046700066,v85v50
1726,0.025236128746465716,v55v21
1645,0.024963982400508483,v51v14
2001,0.024816915697556063,v36v121
1991,0.024791214961962568,v88v83
1800,0.024769625010034005,v12v48
1870,0.0246827695352084,v88v93
1924,0.02455296501624078,v55v51
150,0.024512641761294085,v91v62
2242,0.024392034296050084,v50_v130_v55
1664,0.02428508525750946,v48v34
1668,0.024246335605346957,v64v34
1616,0.024167166112840137,v101v10
1674,0.024123285687266054,v44v34
791,0.023883764804144947,v22_v31_v107_v71
248,0.023825544838108923,v125v91
2119,0.023818054487592603,v50_v119_v61
228,0.023799917240475345,v75v107
17,0.02373327862627901,v61
2058,0.023673617542077387,v50_v93_v36
1637,0.023671805993295183,v123v14
2184,0.023617626895943905,v50_v93_v85
2201,0.023608709497617897,v50_v34_v17
1580,0.023530003785904165,v4v50
2262,0.0234422408211764,v50_v4_v55
2132,0.02342479131067874,v50_v51_v130
1759,0.02339362861410954,v12v119
2247,0.023343329085703253,v50_v76_v111
2363,0.023303006188577537,v50_v106_v101
1398,0.023234442757275292,v22_v66_v112_v125
1952,0.023233343682705975,v36v17
1805,0.022896687681946755,v85v48
179,0.022887614175864122,v71v38
2272,0.022851115475286756,v50_v44_v83
29,0.02282462272980715,v65
1721,0.022719663170499282,v61v21
2154,0.02262442450972368,v50_v14_v51
2065,0.02232616921530823,v50_v34_v119
1748,0.02231066557878703,v33v4
958,0.022146348498971253,v22_v31_v62_v71
1292,0.02196437286423825,v22_v62_v91_v75
2063,0.02183249996584382,v50_v12_v85
1622,0.021812411150692063,v130v10
2158,0.021753528215912095,v50_v4_v85
747,0.021645280191793823,v22_v66_v30_v24
2254,0.021573620450217577,v50_v130_v76
2330,0.021562024507509832,v50_v88_v65
8,0.021491485824549822,v123
2235,0.021402318708946513,v50_v48_v64
2143,0.021390542842281927,v50_v10_v83
1727,0.02131960606849708,v83v21
2033,0.02131466363661912,v50_v21_v64
2136,0.021298895053016964,v50_v85_v83
57,0.021294153767015364,v38v110
2162,0.021169707796155787,v50_v51_v65
2224,0.021152562064651003,v50_v48_v65
1953,0.021093897104532716,v111v17
147,0.021006655036480505,v107v62
2177,0.020954303950309266,v50_v34_v130
1778,0.020851467536464892,v65v119
1816,0.02077035131908925,v88v48
2106,0.020667718601380135,v50_v34_v48
2002,0.02061383617318166,v111v121
1644,0.02060923154115697,v85v14
1711,0.020587105787515332,v119v21
1781,0.020505356968231036,v106v123
1631,0.02045506897688971,v65v10
2012,0.020409295838276446,v50_v21_v119
2072,0.02039039645628449,v50_v48_v12
1600,0.02038046023996087,v88v50
2335,0.02036734816315278,v50_v61_v44
1661,0.020365684158183007,v4v34
732,0.020307775824710553,v22_v113_v62_v66
267,0.020188237449486977,v22_v110_v38
2314,0.02018636534231515,v50_v44_v76
1603,0.020151642120589806,v65v50
1354,0.02013082344291287,v22_v56_v30_v24
1597,0.020089186208697853,v83v50
487,0.019977431611697058,v22_v113_v56_v71
1179,0.019812284041094728,v22_v38_v24_v71
2171,0.01963017401446109,v50_v123_v93
1885,0.019564666411587564,v121v64
1596,0.01956362271995893,v55v50
1948,0.019558423490486095,v83v17
251,0.019492073063766265,v71v75
1901,0.019477706941417927,v88v101
2032,0.01946699565391659,v50_v21_v101
1896,0.019459110847919132,v33v101
2206,0.01942350036752692,v50_v34_v61
2189,0.01940579842178275,v50_v114_v123
2183,0.019394951382748007,v50_v64_v85
1907,0.019300230782228478,v17v85
2295,0.019253571913929277,v50_v64_v83
1743,0.019252524697942874,v51v4
1595,0.019191309523720154,v33v50
1962,0.01915917380598232,v36v44
1629,0.01911893520944549,v36v10
2347,0.019008119993898676,v50_v93_v17
1825,0.018995014113803346,v51v12
1712,0.018991147417510946,v123v21
2126,0.01894835385723665,v50_v51_v111
2232,0.0189284085552921,v50_v33_v111
231,0.01889640006018992,v52v107
1856,0.018879080132129453,v65v106
1975,0.018776063585035148,v83v33
1788,0.018723295186710166,v17v123
2027,0.018717347676606783,v50_v21_v17
2196,0.018664091354586035,v50_v114_v51
882,0.018649810927584828,v22_v72_v30_v71
2150,0.01859355666700744,v50_v4_v51
1775,0.0185848717694105,v88v119
367,0.018515247831153676,v22_v72_v112
1829,0.018433968184504865,v130v12
2227,0.018392350680591273,v50_v48_v88
1731,0.018378433920805997,v36v21
1812,0.01833271554706978,v55v48
1701,0.018323683107796526,v33v114
1653,0.018323312066767284,v76v14
1763,0.018203519996774113,v101v119
2179,0.01811880169994556,v50_v93_v51
2369,0.018085760924339302,v50_v14_v83
1928,0.01796711956792368,v88v51
2278,0.01787727852986316,v50_v33_v65
630,0.0178730814755418,v22_v72_v91_v52
1662,0.01777909665394017,v119v34
2344,0.017747533058988255,v50_v101_v61
2380,0.01773717107120048,v50_v114_v33
2007,0.017724002376306024,v111v36
2045,0.017628838396938084,v50_v83_v36
1704,0.017532020861037546,v76v114
1588,0.017375756556874,v101v50
1897,0.017322209966669427,v55v101
1773,0.017286484672126613,v76v119
1718,0.017236556549954256,v101v21
14,0.01720297658592812,v101
2243,0.01718533719972844,v50_v33_v55
2348,0.017155119967662696,v50_v64_v44
2180,0.017131136154837193,v50_v34_v55
1621,0.017101665203608257,v44v10
2390,0.017099223762199064,v50_v114_v4
2385,0.017067697364934804,v50_v114_v55
2298,0.017003960232320155,v50_v64_v130
1887,0.01698576643533534,v36v64
2343,0.01694082024364732,v50_v64_v17
1680,0.016914093078459515,v121v34
2049,0.016904583148682043,v50_v76_v36
1766,0.016884292566762424,v61v119
2061,0.01675564528880232,v50_v123_v12
2054,0.016753553073618845,v50_v44_v36
1859,0.01672978522053861,v85v93
2370,0.016661053058519778,v50_v14_v33
1601,0.016646505735909183,v36v50
2264,0.01662420972558897,v50_v44_v111
1908,0.01655621918655703,v44v85
1988,0.016535167172556778,v65v55
2030,0.01652819502979563,v50_v21_v65
1635,0.016473023396650976,v4v14
1785,0.01646500037157227,v85v123
23,0.016417979829496672,v83
1824,0.0164079230779154,v85v12
2393,0.016348494685907863,v50_v114_v17
2013,0.01630028484222076,v50_v21_v123
2100,0.01627731551757503,v50_v119_v111
1935,0.016217390420270258,v33v61
101,0.01620534917162671,v112v31
243,0.01619675306150377,v125v112
2292,0.015968292626436467,v50_v101_v83
1722,0.015914241914519664,v17v21
1753,0.015898079455054812,v88v4
1586,0.015877159153556076,v93v50
2323,0.015811403934859414,v50_v17_v88
1681,0.01574509402900953,v88v34
1749,0.015671411706043508,v55v4
1675,0.015615812725586818,v130v34
2310,0.01551146171037847,v50_v4_v65
1771,0.015488856814292124,v55v119
2357,0.015477120853084987,v50_v106_v17
1732,0.015420639920406773,v111v21
2042,0.01538044785593669,v50_v48_v36
2164,0.01533711346186315,v50_v51_v44
2095,0.015280167594413707,v50_v119_v48
1517,0.015264922012743227,v22_v47_v62_v38
1705,0.015250114736878774,v121v114
2078,0.015195233674260638,v50_v12_v130
2261,0.01518994963238464,v50_v17_v111
1646,0.015141135161207986,v61v14
2060,0.015043276562948531,v50_v119_v12
866,0.015014054335164418,v22_v72_v56_v30
2138,0.014967627392463498,v50_v85_v130
2016,0.014905306544429148,v50_v10_v36
760,0.014862808868520148,v22_v110_v107_v75
1966,0.014831480471388065,v55v130
2167,0.01482238981251277,v50_v85_v17
1649,0.014804289341266185,v130v14
1698,0.014777667735470798,v17v114
2044,0.014762743552792383,v50_v36_v111
261,0.014757463260522945,v22_v110_v47
1614,0.014708778862475649,v93v10
25,0.014681839170858649,v121
99,0.01467060023280364,v107v31
1956,0.014670451820353708,v33v44
2397,0.014662341325942012,v50_v114_v101
1729,0.014612061033457639,v121v21
2320,0.014603743215849823,v50_v4_v61
1963,0.014571557520843865,v111v44
2392,0.014510737189024705,v50_v114_v65
1982,0.014487015228343144,v83v55
1831,0.014443586593834568,v55v12
2355,0.014414259066478828,v50_v106_v65
2338,0.0143935706643416,v50_v14_v48
2113,0.014337934359988872,v50_v119_v17
1658,0.014335787661946741,v65v14
2288,0.014310812007468365,v50_v61_v55
1834,0.014279774149598256,v121v12
1033,0.014243698087721182,v22_v79_v24_v52
7,0.014229375571662541,v119
2070,0.014206001490881897,v50_v34_v51
1795,0.014126783464901028,v121v123
1757,0.014029025588131634,v123v119
1694,0.013999973503066693,v101v114
219,0.013994021882788548,v91v30
2353,0.013988576009538874,v50_v93_v61
1929,0.013970651993888618,v36v51
1618,0.013963368727817237,v51v10
1667,0.013957802914760698,v93v34
1641,0.013951279599891526,v93v14
2059,0.013847687446921697,v50_v106_v36
1794,0.013774888129376597,v76v123
1828,0.013739333291345036,v44v12
229,0.013696447366415765,v71v107
90,0.013681110706593523,v129v31
1946,0.013672897827995044,v33v17
1830,0.013633406340324087,v33v12
1863,0.013600091856264929,v44v93
2024,0.013595062499723587,v50_v21_v55
2021,0.013562213786482443,v50_v21_v83
1945,0.013490545956231526,v130v17
2399,0.013487124541247033,v50_v114_v93
2141,0.013461810766758777,v50_v34_v121
1750,0.01341212903704013,v83v4
1147,0.013314359318386572,v22_v31_v30_v125
2053,0.013304242036295773,v50_v36_v65
2319,0.013292990996730848,v50_v106_v55
1927,0.013274349060018438,v121v51
1608,0.01322730213491189,v4v10
2082,0.013179754240572635,v50_v12_v76
2127,0.013001296299296427,v50_v123_v55
1678,0.012887109914727263,v83v34
2028,0.012877141312084808,v50_v21_v88
2240,0.012868997377674074,v50_v76_v121
2195,0.012853478927984135,v50_v10_v61
2052,0.012789490426116622,v50_v17_v36
1844,0.012671654285406125,v61v106
2129,0.012628851407913477,v50_v119_v93
1926,0.012584418317994455,v76v51
1783,0.012516019298863647,v64v123
1655,0.012501428999633727,v88v14
180,0.012427672079751834,v125v38
2151,0.012427664823334348,v50_v123_v17
2356,0.012420276852121005,v50_v64_v101
1864,0.012398295058574834,v130v93
2236,0.01236105387885168,v50_v130_v83
2107,0.012350592602198614,v50_v48_v51
6,0.01224981772584663,v4
2097,0.012246262124421023,v50_v14_v119
2327,0.012242858904538807,v50_v61_v65
2161,0.012158530101154644,v50_v51_v88
1911,0.012106588728667064,v55v85
2212,0.012080536420231136,v50_v48_v121
1984,0.012080050205347753,v121v55
1817,0.012073637182431745,v36v48
938,0.01203881590391118,v22_v66_v24_v75
2029,0.01200262252656476,v50_v21_v44
1888,0.01199784996858353,v111v64
1789,0.01196811518213693,v44v123
2381,0.011929902357157221,v50_v114_v130
1925,0.011849329945594947,v83v51
1986,0.011797425567410636,v36v55
1899,0.011745319804472212,v76v101
1710,0.011697183375699116,v4v21
1861,0.011610542698813398,v61v93
1979,0.011576551092961082,v36v33
1767,0.011561246197571231,v17v119
2361,0.011553096778530055,v50_v93_v64
2317,0.011523794045432481,v50_v61_v76
1791,0.011503750293528835,v33v123
2305,0.011484554185368156,v50_v106_v111
2067,0.011427410964305494,v50_v10_v51
227,0.011385852226963374,v91v107
2160,0.011374392556922724,v50_v34_v111
2210,0.01136521817906117,v50_v34_v93
2197,0.01132891614619455,v50_v34_v4
1961,0.011321110890004243,v88v44
1590,0.01131178212064598,v51v50
1728,0.011291886072546409,v76v21
2178,0.011264891113123262,v50_v64_v51
2101,0.011186726327192002,v50_v119_v83
2090,0.011112979042570715,v50_v12_v44
2342,0.011107884213250444,v50_v101_v44
2202,0.011094232375461222,v50_v10_v93
2339,0.011061793791111173,v50_v101_v17
2352,0.011041377106489444,v50_v93_v65
2388,0.01100784635369439,v50_v14_v93
37,0.011006879042326626,v38
2050,0.010995062872606156,v50_v4_v36
2322,0.010985309644441627,v50_v101_v76
2267,0.01097706374315835,v50_v88_v111
2109,0.010964739512514844,v50_v119_v76
2056,0.010949743199796138,v50_v101_v36
2094,0.010942832751169623,v50_v12_v93
2155,0.010863738322193752,v50_v85_v76
1968,0.010851005876321233,v76v130
28,0.010817279224662186,v111
1599,0.010812021333337165,v121v50
1666,0.010809041055030522,v106v34
1640,0.010807405478514663,v106v14
2128,0.010807376919182238,v50_v119_v64
2384,0.010785983858319526,v50_v14_v61
2076,0.010778664828735506,v50_v119_v123
1676,0.010746130343309958,v33v34
2368,0.010741084394329508,v50_v14_v111
2386,0.010733507608697844,v50_v14_v101
1950,0.01067137618416742,v121v17
2222,0.01063188508457288,v50_v33_v121
2079,0.01056992230356078,v50_v12_v55
1319,0.010499471473629892,v22_v110_v112_v75
2277,0.010477183712478605,v50_v61_v83
1874,0.01034357611081459,v101v64
2302,0.010340170863032308,v50_v93_v83
2134,0.010296376402965072,v50_v51_v55
2259,0.010152610653221547,v50_v55_v76
2226,0.010123925944287083,v50_v55_v121
2069,0.010123371133890452,v50_v34_v123
2043,0.010076230359155768,v50_v121_v36
2193,0.010026529969039369,v50_v10_v44
2291,0.009995195214227766,v50_v64_v111
2075,0.009979319066132631,v50_v12_v83
2252,0.009949293019111082,v50_v121_v88
2182,0.009899488870242503,v50_v123_v106
1648,0.009868671219245301,v44v14
2207,0.009852251994681345,v50_v34_v101
2099,0.009847922241077051,v50_v119_v121
2367,0.009845756316270243,v50_v114_v48
2383,0.00983818754501407,v50_v14_v88
1624,0.009826563258257764,v55v10
1838,0.00976117010126569,v65v12
1845,0.009752037429823812,v17v106
1892,0.00974794994752548,v61v101
1904,0.009726011758363908,v65v101
2275,0.009670723316970838,v50_v17_v55
2400,0.009653042879495142,v50_v114_v106
2268,0.009627097700920486,v50_v17_v83
1933,0.009595013757640512,v44v61
1837,0.009564740185273847,v111v12
1820,0.00955370375135194,v106v12
1611,0.009549686565915661,v48v10
2172,0.009541810270849996,v50_v34_v83
16,0.009421872500963739,v51
1995,0.009408030605883464,v121v76
1594,0.009372423791334742,v130v50
1855,0.009356543159643944,v111v106
1868,0.009293405443795748,v76v93
18,0.009292982256851467,v17
2120,0.009189357229454409,v50_v114_v119
1998,0.00914341980617919,v111v76
1669,0.009079639283637414,v101v34
1842,0.00904667242413267,v85v106
1876,0.00896097644057666,v51v64
2068,0.008926764144608747,v50_v10_v85
1623,0.00890034411149554,v33v10
2350,0.008873125266990167,v50_v64_v61
1643,0.008868285735946595,v101v14
2301,0.008837630018387145,v50_v64_v55
1647,0.008824413095866894,v17v14
2057,0.008793360131480599,v50_v64_v36
21,0.008771250347849294,v33
1688,0.008765969942043478,v123v114
264,0.008765925954713172,v22_v110_v113
2185,0.00860519805992436,v50_v10_v76
1841,0.008546319920589488,v101v106
1636,0.008523418280179383,v119v14
2297,0.008481585044666758,v50_v101_v55
1758,0.008459890948641776,v48v119
2304,0.00845679732175834,v50_v93_v33
1920,0.008421708216712367,v17v51
1626,0.008419392439349138,v76v10
15,0.008368799925066799,v85
1922,0.008362351585351962,v130v51
2379,0.008348721479340172,v50_v114_v83
1772,0.008257189826017896,v83v119
2205,0.008238537912981994,v50_v34_v44
1723,0.008203534005332637,v44v21
2091,0.00816241369137557,v50_v12_v61
19,0.008155777504001682,v44
1790,0.008130355504597815,v130v123
2324,0.008110691960133216,v50_v44_v65
1613,0.008085758184039166,v106v10
1914,0.008072371264479163,v121v85
2098,0.008033569253484623,v50_v10_v48
2188,0.008010785147216355,v50_v106_v85
1923,0.008004031142959448,v33v51
822,0.007918130999001977,v22_v129_v72_v30
1832,0.007797079817279052,v83v12
1994,0.007791692255100101,v65v83
2229,0.0077683101629583634,v50_v48_v61
2318,0.00776561321864482,v50_v4_v44
1746,0.007626486347154133,v44v4
1866,0.007617150153452358,v55v93
26,0.007592060682249397,v88
2365,0.007585247018730486,v50_v106_v93
2096,0.0075680434758845635,v50_v12_v106
1592,0.007507843250668616,v17v50
2231,0.007460564700669469,v50_v130_v111
2364,0.007396199959574197,v50_v106_v64
1850,0.007365468042819982,v83v106
1865,0.007347086281187885,v33v93
2394,0.007269337480795363,v50_v114_v44
2022,0.007202273672951586,v50_v21_v33
1826,0.007136498386008137,v61v12
1769,0.00712006262969179,v130v119
507,0.007106009807140156,v22_v129_v107_v52
1992,0.007060702759174641,v36v83
2077,0.007028280285670264,v50_v12_v33
2110,0.007002743235619445,v50_v4_v119
1738,0.006966843931950369,v106v4
1977,0.006940630016558397,v121v33
2270,0.006903200815289622,v50_v17_v33
2168,0.006857484766813674,v50_v123_v64
1797,0.006850240848473957,v36v123
2284,0.006816562219752427,v50_v33_v88
45,0.006810467609202017,v91
1610,0.006770675765986068,v123v10
1582,0.006761321615925854,v123v50
1642,0.00673841945993,v64v14
2140,0.006709707882079541,v50_v85_v55
2255,0.006699508395059534,v50_v33_v76
917,0.00667877957092617,v22_v110_v31_v66
2153,0.006677845382373428,v50_v123_v65
1951,0.00666655816185798,v88v17
2287,0.006609572943491999,v50_v55_v65
1779,0.006565102316103299,v48v123
1949,0.006508918734591971,v76v17
2294,0.006503552571191149,v50_v101_v33
2019,0.006444562289328438,v50_v21_v121
2074,0.006337384143851219,v50_v12_v111
1652,0.006311844875831526,v83v14
2040,0.006275530361329235,v50_v51_v36
517,0.006238048592699796,v22_v129_v66_v52
1617,0.006221690029786852,v85v10
1846,0.006189336451216812,v44v106
1980,0.0061866903383547825,v111v33
1955,0.006172947371245654,v130v44
2170,0.006145622635511012,v50_v85_v65
1248,0.006099070154420832,v22_v72_v71_v125
930,0.006086924924273648,v22_v31_v129_v24
2084,0.006079041557708297,v50_v123_v51
2130,0.006068036866407948,v50_v51_v83
1827,0.00606521792294667,v17v12
1810,0.005942485378046226,v130v48
1909,0.005926264090625707,v130v85
1976,0.005921075340790208,v76v33
1875,0.00591206664889523,v85v64
2248,0.005878976655744015,v50_v44_v121
1650,0.005871593836600425,v33v14
2377,0.005869365083105873,v50_v14_v17
2191,0.005855101425681113,v50_v10_v65
2358,0.005826352571750598,v50_v93_v101
2216,0.005813859447066456,v50_v48_v33
2328,0.005770649799771369,v50_v64_v76
1654,0.005757496526883695,v121v14
1900,0.005747426161835282,v121v101
1944,0.005736938355957731,v44v17
2187,0.005713641274794827,v50_v10_v4
2011,0.005651973679970953,v50_v12_v36
2389,0.00560480748717,v50_v114_v76
1858,0.005594167240260173,v101v93
2174,0.00556033444739647,v50_v85_v61
2015,0.005514132156832682,v50_v21_v85
2315,0.005511545842299756,v50_v106_v33
1983,0.005485614836280658,v76v55
1895,0.005455723490050716,v130v101
2266,0.0053640995550663555,v50_v61_v111
1717,0.005359105875167386,v64v21
2135,0.005338772529560238,v50_v10_v111
1910,0.005331639357987427,v33v85
2176,0.0052948682992453415,v50_v34_v33
2020,0.005284429374777104,v50_v21_v111
2214,0.005263502844124985,v50_v48_v83
13,0.005231420279567866,v64
1882,0.005225332343525143,v55v64
2146,0.005223024122120606,v50_v10_v130
2133,0.005121104038993869,v50_v85_v111
2246,0.005118360254073591,v50_v17_v121
1880,0.005095625146087213,v130v64
570,0.005028173521334607,v22_v129_v30_v52
2346,0.004972464961199332,v50_v106_v76
1884,0.00492797313047295,v76v64
2351,0.00482719914579105,v50_v93_v44
2123,0.004815884962344644,v50_v123_v33
174,0.004665712204843854,v107v38
2148,0.004658786765380692,v50_v10_v55
2341,0.004646724064461015,v50_v64_v65
1990,0.004623367801635067,v121v83
1793,0.004607500728939751,v83v123
2156,0.004477741880509171,v50_v123_v44
2093,0.004473150626974468,v50_v12_v64
1625,0.004466079807959797,v83v10
1852,0.004336742175027326,v121v106
1811,0.0043086084932823015,v33v48
1806,0.004251322590288738,v51v48
2064,0.004246045105209652,v50_v10_v119
1967,0.0042345208931121895,v83v130
1821,0.004223044606284505,v93v12
24,0.004210559307176678,v76
1987,0.004167849315888495,v111v55
2211,0.004160639904144293,v50_v34_v106
2006,0.004143513995323948,v65v88
2359,0.0041412687124007565,v50_v106_v88
1847,0.004111518757284178,v130v106
42,0.0040956463647136105,v107
2321,0.004054806061466837,v50_v17_v65
1881,0.004043172593976726,v33v64
1965,0.004036822931270621,v33v130
1619,0.004001141878698597,v61v10
1756,0.003945027560398755,v65v4
1999,0.003903615183670142,v65v76
1873,0.0039025224924993606,v65v93
2145,0.0038969495994880562,v50_v10_v33
2073,0.0037893190782487614,v50_v12_v121
1938,0.00378497799147193,v76v61
2131,0.0037843903542988445,v50_v51_v33
169,0.0037132592195046727,v22v72
2366,0.0037101058336709777,v50_v14_v121
1905,0.003678147062879472,v51v85
2062,0.0036747658077479605,v50_v12_v51
1839,0.003669804033300824,v93v106
2111,0.003661657349173363,v50_v123_v121
2293,0.00359290282681386,v50_v101_v130
1972,0.003560940382917827,v111v130
2230,0.003548886223081279,v50_v83_v111
1848,0.0035019656238973263,v33v106
1477,0.0034589170025628503,v22_v47_v62_v66
1898,0.003449718981665831,v83v101
1713,0.003443562791143425,v48v21
2124,0.0034276579854202053,v50_v123_v130
1849,0.0033799378576182875,v55v106
2102,0.0033676241277379626,v50_v119_v33
2048,0.0033440984658196352,v50_v55_v36
1996,0.003342841765233686,v88v76
1724,0.0033193214577372184,v130v21
1496,0.003263009537040139,v22_v38_v112_v71
2105,0.003232819349283247,v50_v119_v55
2152,0.0032315528575935816,v50_v123_v88
1798,0.0032093037220531544,v111v123
2349,0.003201420081511039,v50_v4_v106
1593,0.0031925023220255623,v44v50
1818,0.0031295598570384125,v111v48
2387,0.003120998541948072,v50_v14_v64
1840,0.0030903670998888035,v64v106
1857,0.002968983663184012,v64v93
1894,0.002938854253065605,v44v101
2276,0.00292752097554631,v50_v44_v33
1693,0.002912655216302191,v64v114
2137,0.0028996294057251743,v50_v85_v33
31,0.002851549973269586,v47
2159,0.002844190452868403,v50_v51_v17
2382,0.002814558511757461,v50_v14_v44
2118,0.002793164463644674,v50_v123_v111
1947,0.002764798262616675,v55v17
2039,0.0027007336256718644,v50_v123_v36
2025,0.002692737003031398,v50_v21_v76
2345,0.002613480927660235,v50_v64_v88
2274,0.002580192392128384,v50_v44_v130
1833,0.0025076666159853096,v76v12
9,0.0024397494015733472,v48
2299,0.002422564169852859,v50_v64_v33
2115,0.0023909320014429097,v50_v51_v121
2047,0.002369784535803188,v50_v33_v36
755,0.0023451855001324668,v22_v72_v30_v107
2373,0.002339913549475794,v50_v114_v121
2360,0.0023146643798290785,v50_v106_v44
1598,0.0023104462058932264,v76v50
2374,0.0022194518292792905,v50_v14_v76
2208,0.0021529070779754637,v50_v10_v106
1657,0.002061481391888093,v111v14
2092,0.0019571401270135824,v50_v12_v101
2241,0.001932337552846274,v50_v55_v83
1815,0.0018609395833514104,v121v48
1889,0.0017288769971129743,v65v64
1620,0.0017275591763508446,v17v10
1715,0.0017237051680510254,v106v21
2112,0.0016328621166022395,v50_v10_v121
2378,0.0016072731849696143,v50_v14_v65
2332,0.001505311520309123,v50_v93_v76
1745,0.0015004329674506611,v17v4
1993,0.0014920754032244975,v111v83
2083,0.0014609022135109824,v50_v4_v12
2253,0.0013794694722760288,v50_v83_v76
1851,0.0012920945095196616,v76v106
1091,0.0009303856487433355,v22_v79_v56_v30
2038,0.0008490197957764604,v50_v119_v36
1877,0.0007418144968023856,v61v64
1959,0.0006326692174813056,v76v44
1879,0.00037568876589751945,v44v64
1969,0.00035970906079202224,v121v130
1466,0.0,v22_v47_v56_v112
1458,0.0,v22_v47_v38_v66
1385,0.0,v22_v47_v72_v107
1472,0.0,v22_v47_v31_v75
1471,0.0,v22_v112_v75_v71
1383,0.0,v22_v47_v66_v52
1457,0.0,v22_v47_v107_v112
1459,0.0,v22_v47_v72_v75
1467,0.0,v22_v47_v129_v62
1384,0.0,v22_v47_v72_v91
1469,0.0,v22_v47_v31_v79
1408,0.0,v22_v47_v30_v91
1461,0.0,v22_v47_v125_v52
1462,0.0,v22_v47_v75_v52
1463,0.0,v22_v47_v38_v52
1468,0.0,v22_v47_v129_v72
1464,0.0,v22_v47_v38_v30
1465,0.0,v22_v47_v113_v112
1409,0.0,v22_v47_v129_v107
1425,0.0,v22_v47_v129_v52
1473,0.0,v22_v47_v91_v125
1486,0.0,v22_v47_v56_v125
1495,0.0,v22_v62_v24_v125
1494,0.0,v22_v47_v31_v38
1493,0.0,v22_v62_v66_v125
1492,0.0,v22_v47_v113_v125
1424,0.0,v22_v47_v38_v91
1491,0.0,v22_v47_v24_v112
1490,0.0,v22_v47_v113_v66
1411,0.0,v22_v47_v72_v52
1381,0.0,v22_v62_v56_v125
1489,0.0,v22_v47_v113_v71
1488,0.0,v22_v47_v107_v125
1487,0.0,v22_v47_v113_v79
1382,0.0,v22_v62_v91_v125
1485,0.0,v22_v56_v30_v91
1474,0.0,v22_v47_v79_v56
1484,0.0,v22_v56_v30_v107
1483,0.0,v22_v47_v56_v24
1423,0.0,v22_v47_v30_v75
1412,0.0,v22_v62_v38_v24
1455,0.0,v22_v62_v66_v112
1482,0.0,v22_v47_v38_v24
1481,0.0,v22_v47_v38_v56
1480,0.0,v22_v47_v129_v113
1479,0.0,v22_v47_v31_v72
1478,0.0,v22_v47_v72_v71
1410,0.0,v22_v72_v112_v125
1476,0.0,v22_v47_v30_v112
1475,0.0,v22_v56_v75_v52
1456,0.0,v22_v47_v24_v71
1442,0.0,v22_v47_v72_v66
1454,0.0,v22_v47_v72_v24
1433,0.0,v22_v62_v75_v71
1390,0.0,v22_v47_v66_v75
1432,0.0,v22_v47_v112_v52
1391,0.0,v22_v24_v112_v125
1392,0.0,v22_v47_v66_v30
1407,0.0,v22_v38_v30_v125
1393,0.0,v22_v38_v30_v112
1421,0.0,v22_v56_v24_v91
1394,0.0,v22_v47_v31_v107
1406,0.0,v22_v47_v31_v24
1416,0.0,v22_v56_v107_v24
1405,0.0,v22_v47_v31_v62
1404,0.0,v22_v47_v31_v66
1396,0.0,v22_v47_v66_v24
1419,0.0,v22_v47_v91_v75
1403,0.0,v22_v62_v72_v38
1397,0.0,v22_v79_v112_v125
1399,0.0,v22_v47_v31_v52
1428,0.0,v22_v47_v38_v107
1402,0.0,v22_v62_v79_v125
1400,0.0,v22_v47_v31_v30
1426,0.0,v22_v47_v91_v71
1427,0.0,v22_v47_v113_v38
1417,0.0,v22_v47_v107_v91
1431,0.0,v22_v47_v24_v91
1401,0.0,v22_v47_v129_v91
1389,0.0,v22_v47_v31_v91
1388,0.0,v22_v62_v79_v112
1453,0.0,v22_v47_v107_v24
1434,0.0,v22_v62_v56_v24
1452,0.0,v22_v47_v129_v66
1413,0.0,v22_v47_v30_v107
1414,0.0,v22_v47_v129_v30
1429,0.0,v22_v47_v30_v71
1449,0.0,v22_v47_v129_v24
1448,0.0,v22_v62_v38_v75
1430,0.0,v22_v62_v38_v71
1447,0.0,v22_v47_v30_v24
1446,0.0,v22_v47_v56_v75
1445,0.0,v22_v47_v112_v91
1444,0.0,v22_v47_v107_v71
1443,0.0,v22_v62_v38_v30
1418,0.0,v22_v62_v56_v71
1441,0.0,v22_v110_v112_v125
1497,0.0,v22_v47_v30_v125
1440,0.0,v22_v47_v62_v107
1439,0.0,v22_v30_v112_v125
1438,0.0,v22_v47_v31_v113
1437,0.0,v22_v47_v66_v79
1436,0.0,v22_v31_v112_v125
1435,0.0,v22_v47_v62_v91
1386,0.0,v22_v56_v91_v71
1387,0.0,v22_v56_v107_v71
1415,0.0,v22_v47_v129_v56
1422,0.0,v22_v47_v107_v75
1395,0.0,v22_v47_v72_v30
140,0.0,v22v113
1498,0.0,v22_v47_v79_v91
1878,0.0,v17v64
1792,0.0,v55v123
11,0.0,v106
1813,0.0,v83v48
1822,0.0,v64v12
1823,0.0,v101v12
1862,0.0,v17v93
1883,0.0,v83v64
1499,0.0,v22_v47_v66_v112
1886,0.0,v88v64
1893,0.0,v17v101
1930,0.0,v111v51
1379,0.0,v22_v129_v38_v125
1932,0.0,v17v61
1954,0.0,v65v17
1777,0.0,v111v119
1765,0.0,v51v119
1751,0.0,v76v4
1741,0.0,v101v4
1740,0.0,v64v4
1737,0.0,v12v4
1725,0.0,v33v21
1691,0.0,v106v114
12,0.0,v93
1627,0.0,v121v10
1615,0.0,v64v10
1587,0.0,v64v50
1585,0.0,v106v50
1583,0.0,v48v50
1574,0.0,v22_v47_v79_v112
1573,0.0,v22_v62_v75_v125
1572,0.0,v22_v47_v71_v125
1957,0.0,v55v44
1958,0.0,v83v44
1964,0.0,v65v44
2281,0.0,v50_v61_v130
2398,0.0,v50_v114_v64
2391,0.0,v50_v14_v106
2376,0.0,v50_v114_v111
2372,0.0,v50_v14_v55
2362,0.0,v50_v106_v61
2334,0.0,v50_v4_v64
2326,0.0,v50_v17_v44
2313,0.0,v50_v106_v130
2312,0.0,v50_v4_v17
2311,0.0,v50_v106_v83
2309,0.0,v50_v76_v88
2307,0.0,v50_v76_v65
2300,0.0,v50_v4_v76
2290,0.0,v50_v106_v121
2269,0.0,v50_v17_v130
2031,0.0,v50_v21_v61
2234,0.0,v50_v55_v111
2221,0.0,v50_v83_v121
2217,0.0,v50_v48_v55
2213,0.0,v50_v48_v111
2209,0.0,v50_v34_v64
2200,0.0,v50_v10_v64
2190,0.0,v50_v10_v17
2149,0.0,v50_v51_v76
2122,0.0,v50_v123_v83
2108,0.0,v50_v48_v85
2089,0.0,v50_v12_v65
2088,0.0,v50_v12_v88
2086,0.0,v50_v12_v17
2066,0.0,v50_v10_v123
1571,0.0,v22_v47_v38_v112
1570,0.0,v22_v47_v31_v125
1569,0.0,v22_v47_v112_v75
1515,0.0,v22_v38_v71_v125
1530,0.0,v22_v62_v72_v112
1529,0.0,v22_v47_v113_v30
1528,0.0,v22_v129_v112_v125
1527,0.0,v22_v47_v62_v75
1526,0.0,v22_v47_v129_v38
1525,0.0,v22_v47_v31_v129
1524,0.0,v22_v47_v66_v125
1523,0.0,v22_v47_v79_v30
1522,0.0,v22_v47_v38_v75
1521,0.0,v22_v47_v72_v38
1520,0.0,v22_v47_v24_v125
1519,0.0,v22_v47_v79_v24
1518,0.0,v22_v47_v62_v24
1516,0.0,v22_v47_v62_v79
1514,0.0,v22_v47_v75_v71
1532,0.0,v22_v38_v112_v75
1513,0.0,v22_v47_v62_v30
1512,0.0,v22_v47_v56_v71
1511,0.0,v22_v62_v30_v112
1510,0.0,v22_v62_v56_v30
1509,0.0,v22_v112_v71_v125
1508,0.0,v22_v47_v72_v79
1507,0.0,v22_v62_v56_v91
1506,0.0,v22_v62_v56_v107
1505,0.0,v22_v47_v71_v52
1504,0.0,v22_v47_v79_v107
1503,0.0,v22_v47_v129_v75
1502,0.0,v22_v47_v72_v56
1501,0.0,v22_v47_v38_v79
1500,0.0,v22_v47_v129_v71
1531,0.0,v22_v47_v62_v71
1533,0.0,v22_v47_v62_v56
1568,0.0,v22_v47_v72_v125
1551,0.0,v22_v62_v72_v125
1566,0.0,v22_v47_v112_v71
1565,0.0,v22_v47_v56_v107
1564,0.0,v22_v47_v62_v112
1563,0.0,v22_v47_v56_v91
1562,0.0,v22_v56_v24_v52
1561,0.0,v22_v62_v112_v75
1560,0.0,v22_v62_v71_v125
1559,0.0,v22_v47_v31_v112
1558,0.0,v22_v47_v72_v112
1557,0.0,v22_v47_v107_v52
1556,0.0,v22_v47_v62_v52
1555,0.0,v22_v47_v113_v56
1553,0.0,v22_v47_v113_v91
1552,0.0,v22_v75_v71_v125
1550,0.0,v22_v112_v75_v125
1534,0.0,v22_v47_v38_v71
1548,0.0,v22_v47_v79_v52
1547,0.0,v22_v47_v91_v52
1546,0.0,v22_v62_v112_v71
1545,0.0,v22_v47_v79_v75
1544,0.0,v22_v47_v113_v72
1543,0.0,v22_v47_v79_v71
1542,0.0,v22_v47_v62_v72
1541,0.0,v22_v38_v75_v125
1540,0.0,v22_v62_v30_v125
1539,0.0,v22_v47_v129_v79
1538,0.0,v22_v47_v56_v30
1537,0.0,v22_v47_v24_v52
1536,0.0,v22_v47_v113_v62
1535,0.0,v22_v47_v113_v24
1380,0.0,v22_v62_v56_v75
1273,0.0,v22_v110_v112_v71
1378,0.0,v22_v62_v107_v125
1377,0.0,v22_v47_v66_v71
621,0.0,v22_v66_v30_v52
620,0.0,v22_v66_v24_v52
619,0.0,v22_v31_v56_v71
618,0.0,v22_v113_v107_v125
617,0.0,v22_v110_v72_v91
616,0.0,v22_v113_v91_v125
615,0.0,v22_v113_v79_v24
614,0.0,v22_v31_v79_v107
613,0.0,v22_v113_v79_v71
612,0.0,v22_v129_v79_v107
611,0.0,v22_v72_v107_v52
610,0.0,v22_v31_v113_v72
609,0.0,v22_v31_v79_v91
608,0.0,v22_v129_v79_v91
607,0.0,v22_v31_v113_v75
606,0.0,v22_v113_v107_v112
605,0.0,v22_v113_v112_v91
603,0.0,v22_v113_v24_v71
602,0.0,v22_v113_v66_v71
601,0.0,v22_v110_v47_v52
600,0.0,v22_v31_v62_v52
599,0.0,v22_v129_v56_v24
598,0.0,v22_v31_v113_v62
597,0.0,v22_v113_v66_v24
596,0.0,v22_v113_v38_v107
595,0.0,v22_v113_v38_v91
594,0.0,v22_v110_v62_v52
593,0.0,v22_v110_v75_v52
592,0.0,v22_v129_v113_v66
622,0.0,v22_v72_v66_v52
623,0.0,v22_v113_v107_v91
624,0.0,v22_v110_v79_v91
642,0.0,v22_v31_v71_v52
657,0.0,v22_v110_v38_v56
655,0.0,v22_v113_v79_v75
654,0.0,v22_v129_v56_v71
653,0.0,v22_v110_v56_v112
652,0.0,v22_v110_v72_v30
651,0.0,v22_v110_v79_v30
650,0.0,v22_v66_v107_v24
649,0.0,v22_v31_v56_v75
648,0.0,v22_v72_v66_v56
647,0.0,v22_v113_v30_v112
645,0.0,v22_v113_v38_v30
644,0.0,v22_v113_v72_v24
643,0.0,v22_v129_v113_v75
641,0.0,v22_v31_v66_v91
625,0.0,v22_v110_v72_v107
640,0.0,v22_v31_v79_v30
639,0.0,v22_v31_v66_v107
638,0.0,v22_v129_v62_v56
636,0.0,v22_v129_v113_v62
635,0.0,v22_v113_v24_v75
634,0.0,v22_v113_v62_v30
633,0.0,v22_v110_v66_v30
632,0.0,v22_v31_v107_v24
631,0.0,v22_v110_v113_v38
629,0.0,v22_v113_v66_v75
628,0.0,v22_v110_v79_v107
627,0.0,v22_v129_v113_v72
626,0.0,v22_v110_v31_v113
591,0.0,v22_v129_v24_v52
590,0.0,v22_v129_v113_v71
589,0.0,v22_v129_v72_v56
539,0.0,v22_v113_v66_v91
554,0.0,v22_v110_v129_v56
553,0.0,v22_v129_v113_v79
552,0.0,v22_v113_v66_v30
551,0.0,v22_v110_v107_v24
550,0.0,v22_v110_v24_v91
549,0.0,v22_v110_v71_v52
547,0.0,v22_v31_v24_v52
546,0.0,v22_v113_v72_v107
544,0.0,v22_v110_v47_v113
543,0.0,v22_v113_v107_v71
542,0.0,v22_v110_v62_v56
541,0.0,v22_v113_v91_v71
540,0.0,v22_v113_v66_v107
538,0.0,v22_v31_v113_v24
556,0.0,v22_v31_v79_v56
537,0.0,v22_v113_v125_v52
536,0.0,v22_v110_v79_v56
535,0.0,v22_v31_v72_v56
534,0.0,v22_v31_v56_v107
533,0.0,v22_v31_v56_v91
532,0.0,v22_v110_v113_v71
531,0.0,v22_v31_v113_v79
530,0.0,v22_v113_v112_v52
529,0.0,v22_v113_v62_v52
528,0.0,v22_v113_v79_v56
527,0.0,v22_v110_v56_v75
526,0.0,v22_v113_v56_v125
525,0.0,v22_v110_v113_v66
555,0.0,v22_v113_v79_v91
557,0.0,v22_v113_v79_v107
588,0.0,v22_v110_v31_v52
574,0.0,v22_v110_v30_v24
587,0.0,v22_v113_v62_v107
586,0.0,v22_v110_v31_v56
585,0.0,v22_v113_v62_v91
584,0.0,v22_v110_v129_v52
583,0.0,v22_v31_v56_v24
582,0.0,v22_v66_v91_v52
581,0.0,v22_v110_v113_v72
580,0.0,v22_v110_v66_v107
579,0.0,v22_v110_v66_v91
578,0.0,v22_v110_v113_v62
577,0.0,v22_v110_v47_v56
576,0.0,v22_v129_v56_v30
575,0.0,v22_v66_v107_v52
573,0.0,v22_v113_v30_v75
558,0.0,v22_v31_v56_v30
572,0.0,v22_v31_v72_v52
571,0.0,v22_v113_v79_v30
569,0.0,v22_v31_v113_v66
568,0.0,v22_v110_v113_v75
567,0.0,v22_v31_v113_v71
566,0.0,v22_v113_v107_v75
565,0.0,v22_v113_v91_v75
564,0.0,v22_v129_v79_v56
563,0.0,v22_v129_v113_v24
562,0.0,v22_v129_v56_v107
561,0.0,v22_v129_v56_v91
560,0.0,v22_v113_v72_v30
559,0.0,v22_v31_v62_v56
660,0.0,v22_v113_v30_v125
661,0.0,v22_v110_v56_v125
663,0.0,v22_v31_v30_v91
750,0.0,v22_v110_v91_v75
765,0.0,v22_v129_v72_v91
764,0.0,v22_v31_v38_v56
763,0.0,v22_v129_v72_v107
762,0.0,v22_v113_v62_v75
761,0.0,v22_v30_v107_v24
759,0.0,v22_v72_v30_v91
758,0.0,v22_v113_v112_v71
757,0.0,v22_v110_v62_v30
756,0.0,v22_v113_v38_v75
754,0.0,v22_v31_v62_v79
753,0.0,v22_v110_v125_v52
752,0.0,v22_v113_v79_v125
751,0.0,v22_v113_v24_v125
749,0.0,v22_v129_v113_v38
767,0.0,v22_v66_v56_v71
748,0.0,v22_v66_v56_v75
746,0.0,v22_v72_v107_v24
745,0.0,v22_v113_v75_v71
744,0.0,v22_v113_v66_v125
743,0.0,v22_v129_v30_v24
742,0.0,v22_v110_v31_v107
741,0.0,v22_v31_v113_v125
740,0.0,v22_v110_v129_v107
739,0.0,v22_v129_v75_v52
738,0.0,v22_v129_v24_v91
737,0.0,v22_v110_v31_v91
736,0.0,v22_v72_v24_v52
735,0.0,v22_v110_v112_v52
766,0.0,v22_v72_v79_v91
768,0.0,v22_v129_v56_v112
731,0.0,v22_v72_v79_v52
787,0.0,v22_v30_v24_v52
801,0.0,v22_v66_v91_v71
800,0.0,v22_v72_v56_v52
799,0.0,v22_v72_v56_v91
798,0.0,v22_v72_v56_v107
797,0.0,v22_v66_v79_v56
796,0.0,v22_v72_v66_v107
795,0.0,v22_v113_v112_v75
794,0.0,v22_v91_v71_v52
793,0.0,v22_v31_v91_v71
792,0.0,v22_v72_v79_v56
790,0.0,v22_v110_v47_v107
789,0.0,v22_v129_v38_v52
788,0.0,v22_v31_v38_v52
786,0.0,v22_v66_v107_v71
769,0.0,v22_v72_v79_v107
785,0.0,v22_v66_v79_v107
784,0.0,v22_v110_v129_v30
783,0.0,v22_v110_v47_v91
50,0.0,v22
780,0.0,v22_v31_v56_v125
778,0.0,v22_v66_v79_v91
777,0.0,v22_v113_v71_v125
776,0.0,v22_v129_v113_v112
775,0.0,v22_v31_v56_v112
773,0.0,v22_v129_v66_v24
772,0.0,v22_v110_v72_v24
771,0.0,v22_v129_v56_v125
770,0.0,v22_v107_v71_v52
733,0.0,v22_v110_v66_v79
730,0.0,v22_v129_v66_v30
664,0.0,v22_v31_v129_v56
680,0.0,v22_v129_v62_v52
695,0.0,v22_v66_v79_v52
693,0.0,v22_v107_v24_v52
692,0.0,v22_v31_v66_v24
691,0.0,v22_v129_v79_v24
690,0.0,v22_v129_v66_v91
689,0.0,v22_v113_v72_v66
688,0.0,v22_v129_v66_v107
687,0.0,v22_v31_v30_v24
685,0.0,v22_v129_v107_v24
684,0.0,v22_v31_v72_v107
683,0.0,v22_v66_v30_v91
682,0.0,v22_v110_v91_v71
681,0.0,v22_v66_v24_v91
679,0.0,v22_v66_v30_v107
697,0.0,v22_v31_v79_v24
677,0.0,v22_v110_v62_v107
676,0.0,v22_v110_v113_v125
675,0.0,v22_v31_v66_v79
674,0.0,v22_v113_v72_v71
673,0.0,v22_v110_v62_v91
672,0.0,v22_v129_v56_v75
671,0.0,v22_v31_v75_v52
670,0.0,v22_v129_v30_v91
669,0.0,v22_v129_v30_v107
668,0.0,v22_v113_v38_v79
667,0.0,v22_v31_v24_v91
666,0.0,v22_v110_v66_v24
665,0.0,v22_v113_v62_v79
696,0.0,v22_v31_v129_v113
698,0.0,v22_v110_v107_v71
729,0.0,v22_v113_v38_v71
715,0.0,v22_v113_v38_v66
728,0.0,v22_v66_v56_v107
727,0.0,v22_v113_v62_v71
726,0.0,v22_v110_v30_v71
725,0.0,v22_v66_v56_v91
724,0.0,v22_v31_v72_v79
723,0.0,v22_v66_v56_v24
722,0.0,v22_v66_v56_v30
721,0.0,v22_v113_v24_v112
720,0.0,v22_v31_v62_v91
719,0.0,v22_v113_v66_v112
718,0.0,v22_v113_v79_v112
717,0.0,v22_v31_v62_v107
716,0.0,v22_v110_v79_v24
714,0.0,v22_v66_v75_v52
699,0.0,v22_v31_v113_v38
713,0.0,v22_v31_v66_v30
712,0.0,v22_v66_v56_v52
711,0.0,v22_v30_v91_v52
710,0.0,v22_v31_v113_v112
709,0.0,v22_v31_v72_v30
708,0.0,v22_v113_v38_v24
707,0.0,v22_v129_v66_v79
706,0.0,v22_v110_v38_v52
705,0.0,v22_v113_v72_v75
704,0.0,v22_v129_v38_v56
703,0.0,v22_v129_v71_v52
702,0.0,v22_v30_v107_v52
700,0.0,v22_v31_v129_v52
524,0.0,v22_v110_v30_v107
523,0.0,v22_v31_v30_v52
522,0.0,v22_v113_v62_v56
330,0.0,v22_v129_v52
343,0.0,v22_v113_v71
342,0.0,v22_v113_v75
341,0.0,v22_v113_v91
340,0.0,v22_v113_v112
339,0.0,v22_v113_v24
338,0.0,v22_v113_v107
337,0.0,v22_v113_v30
336,0.0,v22_v113_v56
335,0.0,v22_v113_v79
334,0.0,v22_v113_v66
333,0.0,v22_v113_v38
332,0.0,v22_v113_v72
331,0.0,v22_v113_v62
329,0.0,v22_v129_v125
345,0.0,v22_v113_v52
328,0.0,v22_v129_v71
327,0.0,v22_v129_v75
326,0.0,v22_v129_v91
325,0.0,v22_v129_v112
323,0.0,v22_v129_v107
322,0.0,v22_v129_v30
321,0.0,v22_v129_v56
320,0.0,v22_v129_v79
319,0.0,v22_v129_v66
318,0.0,v22_v129_v38
317,0.0,v22_v129_v72
316,0.0,v22_v129_v62
315,0.0,v22_v129_v113
344,0.0,v22_v113_v125
346,0.0,v22_v62_v72
313,0.0,v22_v31_v125
363,0.0,v22_v72_v56
378,0.0,v22_v38_v24
377,0.0,v22_v38_v107
376,0.0,v22_v38_v30
375,0.0,v22_v38_v56
374,0.0,v22_v38_v79
372,0.0,v22_v72_v52
371,0.0,v22_v72_v125
370,0.0,v22_v72_v71
369,0.0,v22_v72_v75
368,0.0,v22_v72_v91
366,0.0,v22_v72_v24
365,0.0,v22_v72_v107
364,0.0,v22_v72_v30
362,0.0,v22_v72_v79
348,0.0,v22_v62_v66
361,0.0,v22_v72_v66
360,0.0,v22_v72_v38
359,0.0,v22_v62_v52
358,0.0,v22_v62_v125
357,0.0,v22_v62_v71
356,0.0,v22_v62_v75
355,0.0,v22_v62_v91
354,0.0,v22_v62_v112
353,0.0,v22_v62_v24
352,0.0,v22_v62_v107
351,0.0,v22_v62_v30
350,0.0,v22_v62_v56
349,0.0,v22_v62_v79
314,0.0,v22_v31_v52
312,0.0,v22_v31_v71
380,0.0,v22_v38_v91
259,0.0,v22v125
276,0.0,v22_v110_v75
275,0.0,v22_v110_v91
274,0.0,v22_v110_v112
273,0.0,v22_v110_v24
272,0.0,v22_v110_v107
271,0.0,v22_v110_v30
270,0.0,v22_v110_v56
269,0.0,v22_v110_v79
268,0.0,v22_v110_v66
266,0.0,v22_v110_v72
265,0.0,v22_v110_v62
263,0.0,v22_v110_v129
262,0.0,v22_v110_v31
70,0.0,v22v110
278,0.0,v22_v110_v125
250,0.0,v22v91
245,0.0,v22v112
239,0.0,v22v24
232,0.0,v22v107
224,0.0,v22v30
215,0.0,v22v56
205,0.0,v22v79
89,0.0,v22v47
194,0.0,v22v66
107,0.0,v22v31
182,0.0,v22v38
124,0.0,v22v129
155,0.0,v22v62
277,0.0,v22_v110_v71
279,0.0,v22_v110_v52
311,0.0,v22_v31_v75
295,0.0,v22_v47_v71
310,0.0,v22_v31_v91
309,0.0,v22_v31_v112
307,0.0,v22_v31_v107
305,0.0,v22_v31_v56
304,0.0,v22_v31_v79
303,0.0,v22_v31_v66
302,0.0,v22_v31_v38
301,0.0,v22_v31_v72
300,0.0,v22_v31_v62
299,0.0,v22_v31_v113
298,0.0,v22_v31_v129
297,0.0,v22_v47_v52
296,0.0,v22_v47_v125
294,0.0,v22_v47_v75
280,0.0,v22_v47_v31
293,0.0,v22_v47_v91
292,0.0,v22_v47_v112
291,0.0,v22_v47_v24
290,0.0,v22_v47_v107
289,0.0,v22_v47_v30
288,0.0,v22_v47_v56
287,0.0,v22_v47_v79
286,0.0,v22_v47_v66
285,0.0,v22_v47_v38
284,0.0,v22_v47_v72
283,0.0,v22_v47_v62
282,0.0,v22_v47_v113
281,0.0,v22_v47_v129
379,0.0,v22_v38_v112
381,0.0,v22_v38_v75
521,0.0,v22_v110_v30_v91
467,0.0,v22_v113_v56_v107
481,0.0,v22_v31_v113_v107
480,0.0,v22_v31_v113_v91
479,0.0,v22_v113_v72_v52
478,0.0,v22_v110_v24_v52
477,0.0,v22_v113_v30_v107
476,0.0,v22_v113_v30_v91
475,0.0,v22_v110_v113_v30
474,0.0,v22_v113_v24_v52
473,0.0,v22_v110_v66_v56
472,0.0,v22_v113_v56_v30
471,0.0,v22_v113_v107_v52
469,0.0,v22_v110_v113_v107
468,0.0,v22_v110_v113_v91
466,0.0,v22_v113_v56_v91
483,0.0,v22_v31_v66_v56
465,0.0,v22_v110_v56_v30
464,0.0,v22_v110_v30_v52
463,0.0,v22_v113_v30_v52
462,0.0,v22_v110_v107_v52
461,0.0,v22_v110_v56_v107
460,0.0,v22_v110_v56_v91
459,0.0,v22_v110_v91_v52
458,0.0,v22_v113_v56_v52
457,0.0,v22_v129_v113_v52
456,0.0,v22_v129_v113_v56
455,0.0,v22_v31_v113_v52
454,0.0,v22_v31_v113_v56
453,0.0,v22_v110_v113_v56
482,0.0,v22_v110_v56_v24
484,0.0,v22_v110_v66_v52
451,0.0,v22_v110_v56_v52
503,0.0,v22_v129_v113_v30
519,0.0,v22_v113_v56_v112
518,0.0,v22_v113_v38_v52
516,0.0,v22_v110_v72_v52
515,0.0,v22_v129_v79_v52
514,0.0,v22_v110_v113_v24
513,0.0,v22_v113_v30_v24
512,0.0,v22_v31_v79_v52
511,0.0,v22_v110_v79_v52
510,0.0,v22_v110_v113_v79
509,0.0,v22_v113_v79_v52
508,0.0,v22_v129_v91_v52
505,0.0,v22_v110_v56_v71
504,0.0,v22_v113_v75_v52
502,0.0,v22_v129_v56_v52
485,0.0,v22_v113_v56_v24
501,0.0,v22_v113_v107_v24
500,0.0,v22_v31_v66_v52
499,0.0,v22_v113_v24_v91
497,0.0,v22_v31_v113_v30
496,0.0,v22_v113_v71_v52
494,0.0,v22_v129_v66_v56
493,0.0,v22_v113_v66_v52
492,0.0,v22_v113_v66_v56
491,0.0,v22_v129_v113_v107
490,0.0,v22_v31_v107_v52
489,0.0,v22_v31_v91_v52
488,0.0,v22_v129_v113_v91
486,0.0,v22_v31_v56_v52
452,0.0,v22_v110_v113_v52
450,0.0,v22_v125_v52
382,0.0,v22_v38_v71
399,0.0,v22_v79_v24
412,0.0,v22_v56_v71
411,0.0,v22_v56_v75
410,0.0,v22_v56_v91
409,0.0,v22_v56_v112
408,0.0,v22_v56_v24
407,0.0,v22_v56_v107
406,0.0,v22_v56_v30
405,0.0,v22_v79_v52
404,0.0,v22_v79_v125
403,0.0,v22_v79_v71
402,0.0,v22_v79_v75
401,0.0,v22_v79_v91
400,0.0,v22_v79_v112
398,0.0,v22_v79_v107
414,0.0,v22_v56_v52
397,0.0,v22_v79_v30
396,0.0,v22_v79_v56
395,0.0,v22_v66_v52
394,0.0,v22_v66_v125
393,0.0,v22_v66_v71
392,0.0,v22_v66_v75
391,0.0,v22_v66_v91
390,0.0,v22_v66_v112
389,0.0,v22_v66_v24
388,0.0,v22_v66_v107
386,0.0,v22_v66_v56
385,0.0,v22_v66_v79
384,0.0,v22_v38_v52
413,0.0,v22_v56_v125
415,0.0,v22_v30_v107
449,0.0,v22_v71_v52
434,0.0,v22_v24_v125
448,0.0,v22_v71_v125
447,0.0,v22_v75_v52
446,0.0,v22_v75_v125
445,0.0,v22_v75_v71
444,0.0,v22_v91_v52
443,0.0,v22_v91_v125
442,0.0,v22_v91_v71
441,0.0,v22_v91_v75
440,0.0,v22_v112_v52
438,0.0,v22_v112_v71
437,0.0,v22_v112_v75
436,0.0,v22_v112_v91
435,0.0,v22_v24_v52
433,0.0,v22_v24_v71
417,0.0,v22_v30_v112
432,0.0,v22_v24_v75
431,0.0,v22_v24_v91
430,0.0,v22_v24_v112
429,0.0,v22_v107_v52
427,0.0,v22_v107_v71
426,0.0,v22_v107_v75
425,0.0,v22_v107_v91
424,0.0,v22_v107_v112
423,0.0,v22_v107_v24
422,0.0,v22_v30_v52
420,0.0,v22_v30_v71
419,0.0,v22_v30_v75
418,0.0,v22_v30_v91
802,0.0,v22_v129_v113_v125
803,0.0,v22_v110_v30_v75
804,0.0,v22_v112_v91_v52
1181,0.0,v22_v24_v75_v71
1194,0.0,v22_v38_v79_v75
1193,0.0,v22_v38_v91_v75
1192,0.0,v22_v79_v30_v112
1191,0.0,v22_v31_v66_v112
1190,0.0,v22_v38_v112_v52
1189,0.0,v22_v110_v75_v71
1188,0.0,v22_v31_v72_v112
1187,0.0,v22_v38_v56_v107
1186,0.0,v22_v38_v56_v91
1185,0.0,v22_v38_v56_v71
1184,0.0,v22_v79_v107_v125
1183,0.0,v22_v110_v38_v75
1182,0.0,v22_v112_v125_v52
1180,0.0,v22_v72_v24_v112
1196,0.0,v22_v110_v72_v125
1178,0.0,v22_v79_v56_v125
1177,0.0,v22_v38_v30_v71
1176,0.0,v22_v91_v75_v71
1174,0.0,v22_v110_v72_v112
1173,0.0,v22_v38_v107_v75
1172,0.0,v22_v129_v24_v125
1171,0.0,v22_v79_v91_v125
1170,0.0,v22_v75_v125_v52
1169,0.0,v22_v129_v75_v71
1168,0.0,v22_v107_v75_v71
1166,0.0,v22_v107_v91_v71
1165,0.0,v22_v38_v91_v71
1164,0.0,v22_v79_v107_v112
1195,0.0,v22_v31_v72_v125
1197,0.0,v22_v107_v91_v75
1162,0.0,v22_v30_v75_v71
1215,0.0,v22_v38_v56_v52
1228,0.0,v22_v129_v72_v125
1227,0.0,v22_v56_v24_v112
1226,0.0,v22_v38_v56_v112
1225,0.0,v22_v91_v71_v125
1224,0.0,v22_v31_v62_v125
1223,0.0,v22_v110_v62_v125
1222,0.0,v22_v129_v72_v112
1221,0.0,v22_v107_v71_v125
1220,0.0,v22_v31_v112_v71
1219,0.0,v22_v62_v107_v24
1218,0.0,v22_v66_v71_v125
1217,0.0,v22_v62_v66_v79
1216,0.0,v22_v31_v62_v112
1214,0.0,v22_v38_v30_v75
1198,0.0,v22_v72_v24_v125
1213,0.0,v22_v107_v112_v71
1212,0.0,v22_v38_v107_v91
1211,0.0,v22_v72_v66_v125
1210,0.0,v22_v112_v91_v75
1209,0.0,v22_v79_v30_v125
1208,0.0,v22_v66_v112_v71
1207,0.0,v22_v62_v66_v91
1206,0.0,v22_v79_v24_v112
1204,0.0,v22_v72_v66_v112
1203,0.0,v22_v38_v125_v52
1201,0.0,v22_v31_v66_v125
1200,0.0,v22_v38_v24_v75
1199,0.0,v22_v110_v62_v112
1163,0.0,v22_v129_v24_v112
1161,0.0,v22_v79_v56_v52
1230,0.0,v22_v129_v66_v112
1112,0.0,v22_v31_v24_v125
1126,0.0,v22_v79_v125_v52
1125,0.0,v22_v110_v66_v125
1124,0.0,v22_v79_v56_v107
1123,0.0,v22_v79_v56_v91
1122,0.0,v22_v38_v66_v71
1121,0.0,v22_v24_v112_v91
1119,0.0,v22_v72_v38_v71
1118,0.0,v22_v66_v30_v125
1117,0.0,v22_v79_v56_v71
1116,0.0,v22_v66_v24_v125
1115,0.0,v22_v79_v24_v71
1114,0.0,v22_v66_v79_v125
1113,0.0,v22_v72_v38_v66
1111,0.0,v22_v110_v47_v31
1128,0.0,v22_v66_v75_v71
1110,0.0,v22_v79_v24_v75
1109,0.0,v22_v72_v38_v24
1108,0.0,v22_v110_v31_v129
1107,0.0,v22_v129_v38_v75
1106,0.0,v22_v31_v129_v38
1105,0.0,v22_v110_v79_v112
1104,0.0,v22_v110_v66_v112
1103,0.0,v22_v38_v71_v52
1102,0.0,v22_v31_v38_v71
1101,0.0,v22_v79_v112_v52
1100,0.0,v22_v110_v24_v125
1099,0.0,v22_v38_v30_v24
1098,0.0,v22_v129_v112_v91
1127,0.0,v22_v110_v129_v38
1129,0.0,v22_v110_v31_v38
1160,0.0,v22_v38_v79_v71
1145,0.0,v22_v24_v91_v125
1159,0.0,v22_v72_v75_v71
1158,0.0,v22_v71_v125_v52
1157,0.0,v22_v72_v79_v125
1156,0.0,v22_v30_v24_v125
1155,0.0,v22_v110_v38_v71
1154,0.0,v22_v79_v112_v91
1153,0.0,v22_v79_v56_v112
1152,0.0,v22_v38_v56_v75
1151,0.0,v22_v72_v30_v125
1150,0.0,v22_v129_v30_v125
1149,0.0,v22_v38_v107_v71
1148,0.0,v22_v38_v66_v75
1146,0.0,v22_v38_v56_v24
1144,0.0,v22_v62_v66_v52
1130,0.0,v22_v30_v24_v112
1143,0.0,v22_v72_v79_v112
1142,0.0,v22_v129_v30_v112
1141,0.0,v22_v110_v47_v129
1140,0.0,v22_v72_v30_v112
1139,0.0,v22_v79_v107_v91
1138,0.0,v22_v110_v79_v125
1137,0.0,v22_v31_v30_v112
1136,0.0,v22_v31_v75_v71
1135,0.0,v22_v75_v71_v52
1134,0.0,v22_v31_v38_v75
1133,0.0,v22_v72_v38_v75
1132,0.0,v22_v129_v62_v72
1131,0.0,v22_v129_v62_v38
1229,0.0,v22_v56_v112_v75
1231,0.0,v22_v31_v71_v125
1094,0.0,v22_v66_v30_v112
1324,0.0,v22_v38_v75_v71
1340,0.0,v22_v79_v112_v75
1338,0.0,v22_v110_v129_v125
1337,0.0,v22_v129_v75_v125
1336,0.0,v22_v62_v75_v52
1335,0.0,v22_v72_v38_v112
1334,0.0,v22_v129_v112_v75
1333,0.0,v22_v56_v107_v75
1332,0.0,v22_v56_v91_v75
1331,0.0,v22_v62_v24_v52
1330,0.0,v22_v56_v112_v125
1329,0.0,v22_v62_v79_v52
1328,0.0,v22_v110_v75_v125
1325,0.0,v22_v30_v75_v125
1323,0.0,v22_v112_v91_v125
1342,0.0,v22_v62_v72_v66
1322,0.0,v22_v62_v112_v52
1321,0.0,v22_v79_v71_v125
1320,0.0,v22_v62_v38_v91
1318,0.0,v22_v62_v30_v52
1317,0.0,v22_v110_v129_v112
1316,0.0,v22_v24_v75_v125
1315,0.0,v22_v62_v38_v52
1314,0.0,v22_v56_v125_v52
1313,0.0,v22_v38_v91_v125
1311,0.0,v22_v62_v72_v30
1310,0.0,v22_v62_v38_v107
1309,0.0,v22_v62_v72_v56
1308,0.0,v22_v62_v38_v79
1341,0.0,v22_v110_v38_v112
1343,0.0,v22_v62_v79_v75
1306,0.0,v22_v110_v31_v125
1362,0.0,v22_v56_v30_v71
1376,0.0,v22_v47_v31_v56
1375,0.0,v22_v31_v38_v125
1374,0.0,v22_v62_v38_v66
1373,0.0,v22_v62_v112_v91
1372,0.0,v22_v47_v66_v107
1371,0.0,v22_v47_v66_v91
1369,0.0,v22_v107_v112_v125
1368,0.0,v22_v107_v91_v125
1367,0.0,v22_v38_v24_v125
1366,0.0,v22_v62_v24_v75
1365,0.0,v22_v62_v56_v112
1364,0.0,v22_v62_v24_v71
1363,0.0,v22_v38_v66_v125
1361,0.0,v22_v62_v107_v112
1344,0.0,v22_v62_v30_v71
1360,0.0,v22_v79_v75_v125
1359,0.0,v22_v47_v66_v56
1356,0.0,v22_v107_v112_v91
1355,0.0,v22_v31_v38_v112
1353,0.0,v22_v62_v72_v75
1352,0.0,v22_v62_v72_v24
1351,0.0,v22_v62_v38_v56
1350,0.0,v22_v72_v38_v125
1349,0.0,v22_v38_v66_v112
1348,0.0,v22_v62_v79_v71
1347,0.0,v22_v62_v72_v71
1346,0.0,v22_v62_v125_v52
1345,0.0,v22_v38_v24_v112
1307,0.0,v22_v62_v91_v71
1305,0.0,v22_v56_v112_v52
1232,0.0,v22_v79_v24_v125
1249,0.0,v22_v107_v112_v75
1266,0.0,v22_v66_v75_v125
1265,0.0,v22_v24_v71_v125
1264,0.0,v22_v62_v72_v91
1263,0.0,v22_v56_v107_v91
1262,0.0,v22_v62_v72_v107
1260,0.0,v22_v38_v79_v112
1259,0.0,v22_v56_v75_v71
1258,0.0,v22_v107_v75_v125
1257,0.0,v22_v62_v79_v56
1255,0.0,v22_v56_v112_v71
1254,0.0,v22_v56_v107_v125
1253,0.0,v22_v56_v91_v125
1250,0.0,v22_v62_v72_v79
1247,0.0,v22_v110_v47_v112
1268,0.0,v22_v31_v129_v112
1246,0.0,v22_v56_v107_v112
1245,0.0,v22_v56_v112_v91
1244,0.0,v22_v62_v79_v107
1243,0.0,v22_v56_v24_v75
1242,0.0,v22_v30_v112_v71
1241,0.0,v22_v62_v79_v91
1240,0.0,v22_v56_v75_v125
1239,0.0,v22_v79_v75_v71
1237,0.0,v22_v24_v112_v71
1236,0.0,v22_v129_v66_v125
1235,0.0,v22_v38_v56_v125
1234,0.0,v22_v62_v66_v24
1233,0.0,v22_v72_v112_v71
1267,0.0,v22_v56_v71_v125
1269,0.0,v22_v30_v71_v125
1304,0.0,v22_v62_v30_v91
1289,0.0,v22_v38_v79_v125
1303,0.0,v22_v62_v30_v107
1302,0.0,v22_v62_v107_v71
1301,0.0,v22_v62_v107_v91
1300,0.0,v22_v38_v107_v125
1299,0.0,v22_v72_v75_v125
1298,0.0,v22_v38_v107_v112
1297,0.0,v22_v79_v112_v71
1296,0.0,v22_v56_v24_v71
1295,0.0,v22_v30_v112_v75
1294,0.0,v22_v129_v62_v125
1293,0.0,v22_v31_v75_v125
1291,0.0,v22_v31_v129_v125
1290,0.0,v22_v72_v112_v75
1288,0.0,v22_v56_v30_v125
1270,0.0,v22_v62_v66_v30
1287,0.0,v22_v62_v79_v24
1286,0.0,v22_v62_v107_v75
1285,0.0,v22_v31_v112_v75
1284,0.0,v22_v62_v91_v52
1283,0.0,v22_v24_v112_v75
1282,0.0,v22_v129_v62_v112
1280,0.0,v22_v56_v30_v112
1279,0.0,v22_v110_v71_v125
1278,0.0,v22_v110_v31_v112
1276,0.0,v22_v110_v47_v125
1275,0.0,v22_v129_v71_v125
1274,0.0,v22_v62_v79_v30
1271,0.0,v22_v129_v112_v71
1096,0.0,v22_v79_v30_v75
1093,0.0,v22_v129_v107_v112
805,0.0,v22_v72_v66_v91
891,0.0,v22_v66_v30_v71
908,0.0,v22_v72_v38_v52
907,0.0,v22_v113_v62_v125
906,0.0,v22_v129_v91_v75
904,0.0,v22_v129_v107_v75
903,0.0,v22_v38_v30_v52
902,0.0,v22_v31_v79_v75
900,0.0,v22_v129_v112_v52
898,0.0,v22_v129_v79_v75
897,0.0,v22_v30_v125_v52
896,0.0,v22_v129_v62_v30
895,0.0,v22_v72_v56_v75
893,0.0,v22_v31_v72_v66
892,0.0,v22_v113_v38_v125
890,0.0,v22_v110_v66_v75
910,0.0,v22_v129_v66_v71
889,0.0,v22_v110_v129_v24
888,0.0,v22_v31_v129_v30
887,0.0,v22_v31_v24_v75
886,0.0,v22_v91_v125_v52
885,0.0,v22_v72_v66_v24
884,0.0,v22_v110_v38_v107
883,0.0,v22_v110_v31_v24
881,0.0,v22_v31_v72_v71
880,0.0,v22_v72_v75_v52
879,0.0,v22_v110_v38_v91
878,0.0,v22_v107_v91_v52
877,0.0,v22_v72_v66_v79
876,0.0,v22_v31_v30_v71
909,0.0,v22_v129_v38_v79
911,0.0,v22_v24_v71_v52
874,0.0,v22_v66_v56_v125
931,0.0,v22_v31_v72_v75
946,0.0,v22_v72_v107_v75
945,0.0,v22_v129_v30_v75
944,0.0,v22_v30_v24_v71
943,0.0,v22_v110_v79_v75
942,0.0,v22_v72_v38_v56
941,0.0,v22_v31_v66_v75
940,0.0,v22_v72_v30_v75
937,0.0,v22_v110_v31_v79
936,0.0,v22_v110_v31_v72
935,0.0,v22_v110_v107_v91
934,0.0,v22_v110_v129_v66
933,0.0,v22_v110_v129_v62
932,0.0,v22_v72_v125_v52
928,0.0,v22_v24_v75_v52
912,0.0,v22_v72_v107_v71
927,0.0,v22_v113_v112_v125
926,0.0,v22_v129_v72_v24
925,0.0,v22_v110_v129_v72
924,0.0,v22_v110_v72_v71
923,0.0,v22_v66_v79_v71
922,0.0,v22_v72_v112_v52
921,0.0,v22_v31_v62_v66
920,0.0,v22_v72_v91_v71
919,0.0,v22_v24_v91_v75
918,0.0,v22_v110_v31_v62
916,0.0,v22_v24_v91_v71
915,0.0,v22_v66_v24_v71
914,0.0,v22_v31_v129_v79
875,0.0,v22_v107_v125_v52
873,0.0,v22_v66_v125_v52
948,0.0,v22_v31_v38_v107
823,0.0,v22_v31_v62_v30
837,0.0,v22_v31_v79_v71
835,0.0,v22_v129_v62_v79
834,0.0,v22_v107_v24_v71
833,0.0,v22_v31_v24_v71
832,0.0,v22_v113_v62_v72
831,0.0,v22_v110_v72_v66
830,0.0,v22_v113_v72_v112
829,0.0,v22_v129_v62_v91
828,0.0,v22_v91_v75_v52
827,0.0,v22_v31_v125_v52
826,0.0,v22_v129_v62_v107
825,0.0,v22_v113_v75_v125
824,0.0,v22_v38_v107_v52
821,0.0,v22_v38_v66_v52
839,0.0,v22_v66_v79_v24
820,0.0,v22_v66_v79_v30
819,0.0,v22_v129_v72_v79
818,0.0,v22_v110_v47_v30
817,0.0,v22_v31_v112_v52
816,0.0,v22_v24_v91_v52
815,0.0,v22_v72_v79_v30
814,0.0,v22_v30_v75_v52
813,0.0,v22_v113_v72_v38
812,0.0,v22_v110_v72_v79
810,0.0,v22_v31_v72_v24
809,0.0,v22_v72_v24_v91
808,0.0,v22_v107_v75_v52
806,0.0,v22_v110_v31_v30
838,0.0,v22_v129_v79_v71
840,0.0,v22_v31_v107_v75
872,0.0,v22_v30_v112_v52
857,0.0,v22_v110_v79_v71
871,0.0,v22_v31_v66_v71
870,0.0,v22_v113_v62_v112
869,0.0,v22_v31_v62_v24
868,0.0,v22_v30_v91_v75
867,0.0,v22_v110_v47_v24
865,0.0,v22_v110_v62_v66
864,0.0,v22_v66_v56_v112
863,0.0,v22_v31_v129_v91
862,0.0,v22_v113_v38_v112
861,0.0,v22_v72_v56_v24
860,0.0,v22_v31_v129_v107
859,0.0,v22_v30_v107_v75
858,0.0,v22_v66_v112_v52
856,0.0,v22_v72_v30_v24
841,0.0,v22_v31_v91_v75
855,0.0,v22_v107_v112_v52
854,0.0,v22_v66_v91_v75
853,0.0,v22_v110_v62_v79
852,0.0,v22_v110_v24_v75
851,0.0,v22_v129_v91_v71
850,0.0,v22_v129_v107_v71
849,0.0,v22_v113_v72_v125
848,0.0,v22_v38_v91_v52
847,0.0,v22_v107_v24_v75
846,0.0,v22_v110_v62_v24
844,0.0,v22_v30_v91_v71
843,0.0,v22_v72_v71_v52
842,0.0,v22_v66_v107_v75
947,0.0,v22_v72_v66_v71
952,0.0,v22_v129_v38_v91
1092,0.0,v22_v31_v24_v112
1043,0.0,v22_v38_v79_v30
1056,0.0,v22_v31_v62_v38
1055,0.0,v22_v79_v30_v24
1054,0.0,v22_v79_v107_v52
1053,0.0,v22_v79_v56_v24
1052,0.0,v22_v79_v107_v24
1051,0.0,v22_v129_v107_v91
1050,0.0,v22_v24_v125_v52
1049,0.0,v22_v79_v24_v91
1048,0.0,v22_v31_v79_v112
1047,0.0,v22_v107_v24_v112
1046,0.0,v22_v66_v91_v125
1045,0.0,v22_v66_v107_v125
1044,0.0,v22_v31_v72_v38
1042,0.0,v22_v129_v62_v75
1058,0.0,v22_v129_v72_v38
1041,0.0,v22_v66_v112_v91
1040,0.0,v22_v79_v91_v52
1039,0.0,v22_v110_v62_v38
1038,0.0,v22_v110_v30_v125
1037,0.0,v22_v31_v38_v24
1036,0.0,v22_v31_v38_v30
1035,0.0,v22_v72_v38_v79
1034,0.0,v22_v110_v129_v71
1032,0.0,v22_v72_v107_v91
1031,0.0,v22_v129_v38_v24
1030,0.0,v22_v110_v47_v62
1029,0.0,v22_v66_v107_v112
1028,0.0,v22_v72_v24_v75
1057,0.0,v22_v31_v79_v125
1059,0.0,v22_v38_v79_v24
1025,0.0,v22_v24_v112_v52
1077,0.0,v22_v129_v38_v71
1090,0.0,v22_v66_v79_v112
1089,0.0,v22_v79_v30_v71
1088,0.0,v22_v110_v129_v75
1087,0.0,v22_v129_v91_v125
1086,0.0,v22_v129_v107_v125
1085,0.0,v22_v72_v112_v91
1084,0.0,v22_v79_v107_v71
1083,0.0,v22_v129_v79_v125
1082,0.0,v22_v112_v75_v52
1081,0.0,v22_v110_v31_v75
1080,0.0,v22_v31_v38_v66
1079,0.0,v22_v79_v56_v75
1078,0.0,v22_v66_v24_v112
1076,0.0,v22_v79_v107_v75
1060,0.0,v22_v110_v24_v112
1075,0.0,v22_v79_v71_v52
1074,0.0,v22_v72_v91_v125
1073,0.0,v22_v110_v47_v79
1071,0.0,v22_v72_v107_v125
1070,0.0,v22_v72_v107_v112
1069,0.0,v22_v79_v75_v52
1068,0.0,v22_v79_v91_v71
1066,0.0,v22_v112_v71_v52
1065,0.0,v22_v79_v30_v107
1064,0.0,v22_v107_v24_v125
1063,0.0,v22_v38_v24_v91
1062,0.0,v22_v79_v30_v91
1061,0.0,v22_v79_v91_v75
1027,0.0,v22_v110_v72_v38
1024,0.0,v22_v79_v30_v52
953,0.0,v22_v110_v129_v79
971,0.0,v22_v30_v107_v91
984,0.0,v22_v110_v62_v71
983,0.0,v22_v31_v62_v72
982,0.0,v22_v38_v24_v52
981,0.0,v22_v38_v66_v91
980,0.0,v22_v38_v66_v79
979,0.0,v22_v30_v24_v75
978,0.0,v22_v110_v91_v125
977,0.0,v22_v110_v107_v112
976,0.0,v22_v31_v129_v71
975,0.0,v22_v38_v66_v107
974,0.0,v22_v110_v112_v91
973,0.0,v22_v31_v129_v62
972,0.0,v22_v110_v38_v79
970,0.0,v22_v31_v107_v91
986,0.0,v22_v72_v38_v107
969,0.0,v22_v66_v79_v75
967,0.0,v22_v129_v38_v30
966,0.0,v22_v31_v129_v72
965,0.0,v22_v72_v56_v125
964,0.0,v22_v129_v66_v75
963,0.0,v22_v72_v91_v75
962,0.0,v22_v129_v62_v24
961,0.0,v22_v110_v72_v75
960,0.0,v22_v72_v56_v112
959,0.0,v22_v110_v47_v66
957,0.0,v22_v129_v24_v75
956,0.0,v22_v129_v72_v71
954,0.0,v22_v31_v38_v91
985,0.0,v22_v72_v66_v75
988,0.0,v22_v110_v107_v125
1022,0.0,v22_v110_v62_v75
1006,0.0,v22_v38_v66_v30
1020,0.0,v22_v110_v47_v72
1019,0.0,v22_v110_v47_v71
1018,0.0,v22_v110_v31_v71
1017,0.0,v22_v110_v62_v72
1016,0.0,v22_v30_v107_v125
1015,0.0,v22_v110_v30_v112
1014,0.0,v22_v31_v129_v66
1013,0.0,v22_v107_v24_v91
1012,0.0,v22_v38_v79_v107
1011,0.0,v22_v31_v112_v91
1010,0.0,v22_v38_v79_v91
1009,0.0,v22_v30_v112_v91
1008,0.0,v22_v110_v38_v24
1005,0.0,v22_v30_v107_v112
989,0.0,v22_v72_v79_v71
1004,0.0,v22_v31_v107_v112
1003,0.0,v22_v129_v62_v66
1002,0.0,v22_v66_v107_v91
1001,0.0,v22_v31_v91_v125
1000,0.0,v22_v38_v30_v91
999,0.0,v22_v31_v107_v125
998,0.0,v22_v38_v79_v56
996,0.0,v22_v129_v62_v71
995,0.0,v22_v31_v62_v75
994,0.0,v22_v38_v30_v107
993,0.0,v22_v31_v129_v75
992,0.0,v22_v38_v107_v24
991,0.0,v22_v72_v38_v91
1202,0.0,v22_v38_v56_v30
